264014-111	what to do for fleas on pets
168216-174	pneumonia is characterized by symptoms that are resitant on
104861-7	polish concrete price uk
359349-14	what is the midsegment on a trapezoid
1133167-79	when does the weather in jamaica change
183378-10	what is the purpose for using visualisation to classify dna
156493-16	how long do goldfish live
1114819-140	what is dmpo
1117099-41	what boundary is formed by tectonic plate
1124210-119	which of the following is located in the xylem
1133167-103	when is jamaica best to go to
915593-69	which technique is used to cook eggs sous vide?
915593-66	what temperature does brisket need to be smoked
87181-16	what causes your left ventricle to be too thick
183378-12	what is the dna segment that codes for protein called
168216-56	what bacteria cause legionnaires disease
1113437-14	what trees have different needles
1112341-99	thailand what is the currency
104861-21	how much concrete cost per yard
915593-25	how long is cooked cod at
489204-2	why stomach hurt on right side
1112341-49	what currency does thailand use
104861-8	cost to polish polished concrete uk
1063750-110	why did united states want to do war in ww1
104861-37	cost per yard for concrete
1063750-105	what made mexico declare war on germany
1114819-99	who makes quality dme
1124210-49	how is the xylesm transported
1114819-78	is a lift chair covered under medicare
1110199-18	what is the difference between a wifi dongle and a bluetooth dongle
451602-82	what is endotracheal tube
1117099-67	define active continental margin
1124210-62	what is the role of the xylem in plants
183378-18	which is a function that can be translated from dna into mrna molecule
1112341-98	most common bathing time in thai
1114819-208	does hmsa cover medical equipment
87181-26	causes for left ventricle thickening
443396-39	what is the baker act pa
1124210-78	what type of cell is found in plant parenchyma
156493-15	what size can you get goldfish fish
1110199-2	what is the difference between bluetooth and wifi?
156493-28	how large and long do gold fish live
146187-1	mcdonald's double cheeseburger price
1103812-6	when did virginia became independent
183378-31	what is gene
490595-12	what type of algorithm is rsa
148538-17	what is the minimum education needed for biomedical engineering
1114819-91	canes for use by blind
1114819-46	what does attending medical facility do
1113437-5	what kind of cones does a spruce tree have?
183378-137	what is the function of an exons
264014-32	when does a flea hatch
148538-22	what do adn and bsn stand for
19335-3	what is ecological sociology
1114819-26	what is the criteria for dme coverage
168216-20	what bacteria causes pneumonia
443396-52	what is the baker act provision for transfers
915593-73	what foods can i cook sous vide
915593-17	how long can boiled eggs be cooked in hot water
264014-78	how long do flea live
1133167-198	average weather in jamaica july
1114819-191	what term means durable medical equipment
183378-140	what is genome sequencing in genome
833860-3	what type of cheese is swiss cheese made from
1114819-127	who must provide durable medical equipment when medicare benefits
168216-53	what is the treatment for community acquired pneumonia
156493-83	what kind of fish is pond fish
148538-23	how much money do i make working in health care
1106007-29	meaning of visceral
443396-10	who is lps
183378-43	what are rna in eukaryotic cells called
1063750-140	who did woodrow wilson marry
182539-2	a monotonic function is defined as ___________.
183378-4	which of these bases is in a gene sequence?
1063750-107	when did america enter war
1114819-110	does medicare pay for rent for wheelchair
264014-130	how long until fleas live
1106007-7	what's your viscera
1114819-97	who is dme
156493-91	how big should a goldfish grow
1133167-117	average weather for montego bay california in april
1114819-113	what is durable equipment
264014-108	how long fleas live for?
104861-48	concrete flooring cost
915593-65	how to cook roast pork loin in sous vide
962179-11	when was salvation army started
183378-174	what is gene mean
148538-18	which degree should you take to be a nurse
1114819-30	what is dme
915593-16	what temp to cook egg sub vide if cooked in a microwave
1133167-126	average temperatures in ocho rios jamaica
1133167-30	what is the weather like in jamaica in august
104861-24	how much does a cement barn cost
1114819-150	apria healthcare provider phone number
1124210-56	what does the xylem
1117099-25	where are the volcanic plate boundary
264014-0	how long do flea eggs live
168216-148	what diseases are caused by legionnaires bacteria
1063750-73	what year did the lusitania sink
130510-5	declaratory judgment is the decision of the court
87452-22	what is vietnam syndrome symptoms
915593-14	what temperature do i cook an egg to
451602-54	how does a cpap improve your sleep
183378-34	where does transcription begin?
489204-22	what is right side abdominal pain
1114819-83	who makes alimed
168216-124	legionnaire disease causes and relief
1114819-89	medical durable equipment
443396-7	how long does psychiatric hold in california last
1063750-95	why did us enter ww1
1114819-152	how do cpaps work for someone without insurance
1114819-139	what is the purpose of dme in medicare
1106007-25	what is the wonders of cooking
1133167-99	what is the season for jamaica
1114819-207	are prescription orthotics covered
1117099-5	what type of boundaries are present along an ocean margin?
1114819-209	dme definitions
915593-58	how long do you steam chicken legs for sous vide
1124210-17	what is the cells in the xylem
87181-7	causes of hypertrophic cardiomyopathy
168216-96	why is legionella dangerous
1112341-65	which of the following is considered muay thai
915593-51	how long does it take for a fish to sit in a sous vide
1063750-10	who urged congress to declare war on germany
1129237-3	what is hydrogen fluoride
168216-116	is legionella pathogenic
1121402-2	contour plowing definition
1133167-132	what is the weather like today for hurricane matthew?
156493-108	how big is a gold fish tank
264014-117	how long do fleas survive on an animal
1117099-16	which types of boundaries can be created at the equator or at the subduction zone?
1112341-24	where can i get currency from thailand
104861-58	how much do polished concrete floors cost in sq ft
1063750-112	what was the reason for wilson vs wilson's declaration of war?
183378-49	what is splicing
1114819-175	what type of medical equipment does brotherston homecare use
1113437-22	why are spruce trees so popular
1063750-117	what was the zimmerman note also called
87181-25	what is the left side of your heart called
1133167-97	when did hurricane sandy hit the united states?
359349-15	how much does a midpoint of a trapezead equal
1117099-17	what are active margins
1063750-181	why did the us declare war on germany and the british
264014-73	how long can fleas live with no food and water
264014-21	what is the average life of a flea bite
168216-50	what are legionnaires disease
1114819-129	are pens necessary
264014-70	how long can a flea live
148538-9	how much do nurses make with bsn
87181-1	what causes an enlarged left side heart
1063750-97	why did the us enter the war with germany
168216-123	what is legionnaire's illness
1133167-160	where is october rain
1114819-124	what is coverage for diabetic test strips
264014-147	what is sand fleas
1124210-71	what type of plant has a leaf arranged on a twig
1129237-16	at room temperature, hydrogen is
451602-70	what type breathing device is used to help with sleep apnea in adults?
168216-37	which infection causes acute pancreatitis
168216-80	legionnaires disease is a serious bacterial infection characterized by a fever
359349-11	what is mid segment a trapezoid
915593-64	what part of cow is beef tenderloin at
156493-79	when do goldfish become adults
833860-38	is zopf good
264014-55	how long for fleas to hatch
833860-1	what is switzerland known for
131843-11	who are airmen on the ground
264014-146	what is the average life span for fleas
915593-63	can you sous vide pork pork loin
264014-5	how long can flea pupae stay in the air
47923-7	how is the synapse related to the neuron?
1063750-83	why did the government of wilson declare war on germany
962179-18	salvation army stores
527433-7	what are the characteristics of dysarthria
148538-3	what are the different titles in nursing
915593-61	what temp do you sous vide pork loin
1133167-214	where did hurricane sandy hit us
1112341-8	what does the flag of thailand stand for
1114819-202	does medicare cover dme
168216-70	what are the symptoms of legionnaires disease
183378-159	what is the difference between an intron and an exon
1106007-14	what is visceral?
1106007-10	what is informal means
1063750-60	what was woodrow wilson's policy
1063750-99	when did germany declare war on the usa
183378-62	where does premessenger rna come from
104861-61	cost for cement tile flooring
451602-74	what is cpap treatment
1113437-1	define spruce trees
1114819-210	what is home durable medical equipment
1114819-105	what is dme in kansas
264014-14	when do flea collars stop killing fleas
168216-166	legionnaires illness
19335-6	what is ecological anthropology
1112341-67	what is thailand baht
1113437-6	how big do spruce pines get?
1114819-159	home health care definition
1117099-24	what is the process of ocean - continental convergence
1112341-80	how are thai chinese spoken
833860-14	what is in switzerland
451602-92	do they do cpap at home
1063750-80	when did us declare war on germany
1114819-179	what is the medical term for a medical device?
527433-8	what is the definition of dysarthria
527433-30	symptoms of cerebral palsy
168216-139	why atypical pneumonia
183378-11	what is the % of the human genome
168216-76	what species is legionnaires disease
156493-69	what kind of fish are comets
1124210-33	where are xylem cells found
264014-68	what temperature to get flea eggs
962179-3	who was william booth
1112341-45	where is thailand
183378-52	which process is the process by which a gene is copied into an mrna splice
207786-0	who is the largest white shark?
183378-17	what type of protein is synthesized from the sequence of an mrna molecule?
443396-55	what was the goal of the baker act of 2015
1114819-200	what is the insurance dme for insulin pump
1117099-54	what is the convergent boundary of a plate?
104861-9	cost of polished concrete floor
443396-62	what is the baker's act? why was it passed
443396-3	what is the baker act
1106007-5	what is visceral
1114819-146	what is durable equipment used for in medicine
1133167-118	temperature of montego bay
1114819-142	which orthotics are considered medically necessary
1063750-169	what was the main idealism behind the zimmerman note?
1133167-90	what's the weather like in jamaica
1112341-41	when in the world is songkran festival celebrated
156493-100	where do you keep goldfish?
156493-11	how big can you hold goldfish
168216-4	which organisms are atypical
1113437-12	why do spruces feel rough
833860-19	what kinds of cheese is there
1063750-76	which president signed the zimmerman telegram?
451602-48	what is mechanical ventilation
156493-110	how big goldfish get
1063750-70	how did united states enter wwi
156493-55	how wide does goldfish grow
1124210-76	what is the function of parenchymal and xylem cells in stem cells in plants
156493-6	how fast do koi grow
490595-10	who invented rsa
1133167-192	when do hurricanes happen in jamaica
359349-0	which is a segment that joins midpoints on the lateral sides of the triangle?
183378-16	what is an allelomorph
183378-88	which region(s) are interrupted by transcription?
104861-69	price of concrete floor per sq ft
168216-157	what pathogen causes pneumonia in adults
1114819-201	what is dme supplies in hospice
1133167-54	average temp in jamaica in august
168216-89	what antibiotics are used for pneumonia
1112341-21	what is the currency for thailand
1133167-33	when does hurricane season in jamaica end
1112341-101	what is the currency symbol bt in thailand
104861-30	what is the cost of concrete floor in a house
1037798-6	who was robert gray
451602-81	what is the difference between a ventilator and a mechanical ventilator?
87452-18	how many vietnam vets have ptsd
527433-3	what causes dysarthria
1129237-7	what is the temperature of hydrogen
168216-190	what kind pneumonia is legionella?
1114819-59	which part of medicare does durable medical equipment cover?
264014-35	will flea eggs lay dormant
451602-93	what type of machine does cpap use in sleep
1114819-71	medical supplies who are durable
207786-9	what is the temperature of a shark?
1114819-167	what is the term durable medical equipment
1124210-111	what are tracheids
104861-95	how much does it cost to install a concrete floor in basement
168216-14	which viruses cause pneumonia in adults?
168216-90	legionnaires disease causes symptoms
451602-18	what is the machine in cpap
104861-104	concrete floor prices
183378-144	which molecule of dna is responsible for the coded amino acids in the protein
183378-39	define introns
168216-13	what kind of disease would you get from being in the army and american legion
1063750-33	why did wilson declare war?
183378-143	which type of rna is removed in a eukaryotic cell
148538-7	what's the degree that a engineer has to have
1110199-3	what is the difference between bluetooth and wi-fi
1063750-125	what was the impact of the u.s entry into ww1
156493-103	can you put a goldfish in a fish bowl
1133167-149	best time of year to visit jamaica
1113437-13	what tree has needles attached
1106007-12	what is the internal organ that is called the viscera
87452-3	why is ptsd a mental illness
156493-37	how old is a goldfish
1133167-151	average temperatures in jamaica in june
156493-9	what is the life expectancy for shubunkins
183378-124	which process is used to make a specific sequence of nucleotides on dna molecules called genes
183378-141	what part of the dna contains all the genes
183378-117	what is rna splicing
573724-9	what is health determinants
1114819-122	dme definition
264014-39	what is the ideal climate for fleas
1124210-40	what is primary xylem
1133167-63	what is the temperature in ocho rios in jamaica in june
527433-13	what causes dysarthris
1114819-93	is hitentra covered by medicare
490595-21	who are the rsa cofounders
168216-198	what type of bacteria causes legionnaire disease
1063750-133	when did us declare war on austria-hungary
131843-18	airmets meaning
1117099-80	where is tectonic transition
1133167-17	what is the weather like in jamaica in october
1063750-89	what was the effect of the united states' unrestricted submarine warfare on the allies?
168216-185	what disease is caused by legionella bacteria
1063750-167	why did ww1 start
915593-74	what is sous vide meat
443396-29	which provision of the baker act ensures the right of someone to due process involuntarily
443396-38	who was responsible for the baker act
451602-77	define ventilator
156493-84	how big do goldfish get?
182539-4	which statement is a function that is non decreasing
87452-29	what was the leading cause of death for the military
104861-73	cost for resurfacing concrete floors
1117099-40	where does the active continental margin lie
443396-20	where is involuntary hospitalization allowed
168216-73	what is legionnaires disease wikipedia
1063750-120	what was the reason why the us entered world war i
1106007-19	what is the definition of guts
1112341-72	which martial art is good at defending yourself
451602-83	what is the main thing on a cpap machine?
1114819-43	what is a managed care network
1133167-121	average temperature jamaica early morning
962179-0	who started the salvation army
156493-73	how big should my goldfish tank get
1117099-30	what is the difference between an active and passive margin
168216-127	causes of legionnaires disease
1112341-70	what is thailand's currency
168216-167	who is legionnaires disease
1114819-112	aetna what is inr testing used for
1114819-58	what is tricare dme
1112341-63	when was muay thai martial arts popular
451602-96	what is the bird medical term
1063750-6	when did the us join the war
87181-28	what is the leading cause of death in adults
443396-4	what is baker act
1133167-145	what is the weather like in jamaica in february
1112341-93	why do people eat in thailand
1117099-69	what boundary occurs when two plates slide apart
168216-103	what causes legionnaire's disease symptoms
264014-137	how do fleas affect house
1114819-104	npi medical equipment definition
1063750-114	what was the first us war against germany?
573724-8	what are the 5 major causes of health
1112341-30	where is the thailand baht currency
451602-99	what is mechanical ventilation used for
915593-46	how long do you broil a steak to get it done?
1117099-26	plate tectonics convergent boundary definition
451602-89	what is mechanical ventilation? what is the difference?
1112341-88	what is thailand's currency called
573724-0	what is social determinants of health
168216-71	legionnaires disease symptoms
405717-3	which airport is roissy in france?
489204-14	causes of liver pain right side
915593-39	how long to cook bbq ribs on grill
489204-19	what side does kidney pain start
1114819-38	what is the name of the company that makes dme devices
1114819-107	what does dme stand for in medical terms?
1124210-65	what is the difference between simple and complex tissue
1117099-82	convergent plate boundaries a definition
1063750-159	why was us entered into world war i
87181-2	causes of cardiac failure
1133167-170	is the weather changing in jamaica in may
183378-110	which of the following is a difference between a intron and an exon? quizlet
183378-81	what makes a molecule exonic
1133167-42	when is rainy season in jamaica
1133167-155	temperature in jamaica in january
168216-83	what causes legionnaire disease
183378-133	why is the exon important?
264014-33	how long can flea eggs live for
1133167-183	what is jamaica's average temperature
1114819-44	when does healthnet begin to authorize chondrocytic stents
19335-4	environmental anthropology definition
1112341-106	what is the main ingredient in thai food
1114819-23	what is an dm equipment company
1133167-38	jamaica november weather
1121402-21	which factors contributed to the dust bowl?
1112341-84	what is thai buht currency
156493-18	where do goldfish live
19335-1	what is forensic anthropology
87452-13	what is the average suicide rate of a soldier in afghanistan
1063750-68	what was the first year the us entered wwi
1110199-8	what is ieee bluetooth
104861-55	cost to install concrete floor
156493-32	how fast do goldfish grow
182539-6	what's the real absolute value
490595-6	which type cryptosystem does rsa use
1117099-66	which of the following is an example of an active continental margin
527433-2	causes of dysarthria symptoms
1124210-3	what is the function of the trachea in the xylem
1063750-27	when did president wilson start the progressive movement
148538-31	what is the difference between rn and bsn
183378-77	how are dna sequences transcribed
359349-4	how does the length of a trapezoid ef relate to the length of its segments?
1063750-126	how did wilson plan to lead united states into ww2
183378-150	which term is used to describe the process by which rna and its sequences are removed quizlet
104861-53	cost of concrete floors per square foot
156493-68	what does bubble eye
527433-9	causes of slurred speech
47923-26	where is the axon of a neuron located
1124210-90	what makes up the vascular tissue of a plant
156493-60	how long does it take to get goldfish to be a year old
1112341-112	why is criticism in front of others a bad thing?
104861-44	cost per sq foot of concrete
156493-101	how much can a pond goldfish grow
183378-32	what is a gene in dna
130510-0	who regulates the declaratory judgement act
156493-23	how long does it take to grow goldfish
1114819-61	how do i know if i'm on medicaid and medicare
1117099-58	what is the convergent boundary?
451602-78	what is assist vs control
443396-59	what is baker acts
833860-10	what's switzerland famous for
1117099-2	what are the tectonic changes for a passive margin
87181-13	which condition is associated with thickening of the left ventricle?
168216-91	what is legionnaires disease and pontiac fever
1114646-5	what drugs treat herpes
359349-1	average median of a trapezoid
148538-20	what kind of jobs can you get while you are an rn
1114819-106	dme meaning
1114646-10	does famciclovir cause skin sores
1133167-40	why was hurricane sandy a tropical storm
183378-155	what is rna synthesis in eukaryotic cells
130510-8	declaratory judgment is written without what
1124210-21	why do plants produce xylem
87452-21	what is vietnam syndrome symptoms symptoms
1063750-49	why did us enter into war
1063750-58	what happened in ww1
1114819-27	what is the difference between consumable and durable
1114819-92	what is the difference in an dme and a dme
104861-92	average cost of concrete floor installation
168216-49	how does legionnaires disease form
183378-170	what is the difference between intron and exon
1117099-45	convergent boundary definition
156493-45	how big does a goldfish get
1114819-15	what kind of equipment is medline
1112341-66	what is the thailand festival
156493-75	how big is a goldfish tank
1133167-49	how hot is it in jamaica
1112341-91	what is thai baht
1124210-45	what type of tissue is found in the bark
183378-173	definition of genes
104861-93	how much to pay to lay a slab floor in basement philadelphia
1112341-90	which is thai currency
1124210-26	what are transport cells of the xylem
915593-18	what temperature can you sous vide an egg for
962179-10	where did the salvation army originate from
1112341-79	what is thailand muay thai?
1114819-28	types of medical equipment
104861-42	how much does it cost to pour a basement with concrete
451602-42	can cpap work
1133167-80	how cold is jamaica
489204-16	what organs cause lower right abdominal pain
1106007-16	what is gut instinct
47923-1	what is the term for an axon?
207786-2	what kind of blood do saber sharks have
1133167-34	when are hurricanes in jamaica
156493-17	what determines how big does a goldfish get
1114819-95	what is dme for glasses
489204-1	what would cause pain on right side of right abdomen
1063750-153	why did germany declare the north sea a war zone
264014-19	how long do fleas live without a blood meal?
1133167-13	when did hurricane sandy hit the us
156493-0	how long can goldfish live in a bowl
1063750-165	why did the u.s enter world war i
156493-41	where can large goldfish grow in tahoe
104861-20	cost of poured concrete floor
1063750-56	when did the lusitania sink
264014-119	how long does flea eggs take to hatch
131843-2	sigmats what are airmets
1133167-2	what is the weather in jamaica yearly
1133167-199	what is the water temperature in jamaica
1110199-17	what is bluetooth wireless
1063750-81	what president fought for democracy
1063750-34	why did the us go in world war 1
183378-45	what is the name of the sequence where proteins are inserted into the gene?
1112341-115	what is the symbol for fun
87452-30	how many soldiers die a year in the military
1063750-44	when was woodrow wilson in office
1063750-39	what did the lusitania sink
156493-40	what is the largest goldfish in the world
183378-101	what is alternative splicing quizlet
1112341-85	what is muay thai mma
131843-13	what is the criteria for a simet
1063750-42	why did the us declare war on germany
47923-19	what is the difference between the axon terminal and the neuron x
264014-24	how many days does a flea live
833860-9	what kind of food are switzerland known for
156493-20	how long can goldfish live
183378-148	what does gene mean
264014-97	how long do fleas live in puppy stage
962179-14	where is salvation army located
1063750-82	why did u.s. join germany and america?
87452-4	what is ptsd among veterans
183378-23	functional myoclonus
1121402-15	what is the use of terrace farming
1129237-6	what is hydrogen state of matter
207786-6	which sharks are endothermic
156493-4	what size is a fancy fish
183378-98	transcription definition recombination
1114819-170	when is medicare paid for wheelchair
1112341-113	what do thai people do for a living
264014-53	how long for fleas to die
87452-7	why did the us force take drugs
1112341-64	where does thai muay thai come from
47923-35	which is a mechanism by which neurons communicate electrical impulses from one cell to another?
168216-35	how did ross burden die
1133167-148	weather for jamaica november
451602-26	what is the difference between mechanical and mechanical ventilation
1114819-117	what is dme equipment
148538-11	salary of rn with bsn
1117099-35	what is plate convergent boundary
264014-131	what is the fleas dormant state
1112341-117	what is thai jai yen
131843-12	what is a airmet
1117099-1	which boundary is commonly formed by subduction
1114819-63	medicare benefits deductible
104861-28	how much does it cost to make a concrete floor
443396-34	what is the baker's act
1063750-31	why did the us enter ww1
148538-5	what is bsn and brn
104861-34	cost of concrete floor tiles
443396-9	lps act of 1967 definition california
1121402-9	how do you get a soil fertility check
489204-0	what could cause pain in right lower stomach
1112341-97	what is the food called that thai eat
47923-6	how does the action potential move
1063750-115	what was the cause of the lusitania's sinking
833860-15	what restaurant has the italian food
1063750-100	why was not american in ww1
1114819-130	what is traction equipment coverage
264014-67	what are the stages of fleas life cycle
1113437-19	where does a fir grow
47923-2	terminal button definition psychology
1133167-144	what's the average temperature in jamaica in february
1133167-186	weather in ocho rios bay in january
1063750-177	why did the united states enter ww1
1133167-190	where did hurricane charley originate?
1124210-66	where does upward water travel in plants
87452-24	what is samsha addressing
1112341-34	what do the stripes on thailand flag mean?
451602-13	what type of machine for sleep apnea
1133167-123	average temperature in jamaica during the winter
915593-6	what foods can you sous vide in a cooler
156493-77	what is the life span of goldfish
168216-28	causes of pneumonia infection
1133167-29	average temperature jamaica in august
1121402-14	what is contour ploughing for slopes
527433-23	what is dysarthria and dysarthria
168216-121	what is legionnaires disease infection
104861-15	polished concrete floor cost
1133167-205	weather in jamaica month
264014-36	where can you lay flea eggs
1133167-109	when is jamaica in season
156493-57	do goldfish grow big
1063750-141	why did the zimmerman telegram happen
1112341-33	what is the main currency in thailand
443396-43	what is the medical designation for lps?
156493-38	how long do goldfish grow?
148538-0	difference between asn and bsn
168216-159	what is the difference between pneumonia and pneumonia?
527433-29	causes and treatment for delayed speech
104861-33	how much to install concrete flooring
1114819-82	what does dme mean
168216-182	what was the name of the illness caused by the american legionnaires?
1133167-69	weather in montego bay jamaica
87452-20	why did the united states have a war against vietnam
264014-79	how many days can fleas live without blood
183378-156	what is pcr?
1063750-15	why did germany declare war on us
1117099-63	what is convergent boundaries in tectonics
183378-119	what is the process in which a gene is expressed
451602-91	what is a ventilator used for?
1112341-87	what is the average salary of the thailand construction workforce
1124210-105	xylem meaning
183378-74	what is dna blueprint
1112341-89	what is thhb
451602-33	difference between a cpap and niv
490595-15	when was rsa created
1133167-61	what is the average weather in jamaica in december
1063750-18	what kind of leader is woodrow wilson
1124210-64	why do plants need phloem cells
1117099-14	what is the boundary of a convergent plate
1063750-175	which president was a progressive
104861-10	cost for concrete per m2
168216-191	do lungs carry legionella
1133167-35	average temperatures jamaica
1129237-14	what is the boiling temperature of oxygen
168216-170	types of pneumonia bacterial syncytial virus
87181-0	which condition is an enlarged left ventricle caused by hypertrophy of the heart
264014-1	cat fleas life cycle
915593-35	how hot is the perfect temp for sous vide ribs
1114819-141	what is the most durable kind of equipment
87181-4	what is the cause of a hypertrophic right ventricular muscle?
168216-62	which bacteria causes edema
156493-96	how big can a goldfish grow
47923-38	what is the function of a synaptic knob?
1117099-76	definition of a convergent boundary
1063750-116	why did the us enter the ww1
1112341-10	what is thai money called
1112341-2	what does the red stripe on the thailand flag mean
1124210-22	where is the xylem and phloem located?
1124210-9	why do xylem tissue have organelles
264014-82	what temperature does flea eggs need to be in
168216-30	legionnaire's disease incubation period
104861-66	concrete floors cost per square foot
264014-22	what is cat flea life cycle
1133167-165	what is the weather in jamaica in september
1063750-166	why do americans want to be war allies during ww1
1063750-145	did the sinking of the lusitania cause the united states to enter a war
1114819-49	how often should nebulizer be covered by medicare
156493-107	how big can goldfish get
1063750-163	why did americans enter ww1
1133167-175	what is the weather like in jamaica in january
264014-86	how to kill fleas
1114819-183	what is the meaning of durable medical equipment
264014-110	what to do to destroy fleas at home
451602-45	why is a bipap device used
1063750-172	why did president wilson declare war
156493-63	how big is a cat fish tank
443396-8	involuntary hold definition
104861-43	cost to install floor per sq ft concrete
1063750-101	why did the united states enter world war i
915593-53	what temperature to cook chicken
47923-15	which receptor binds to the dendrites of the axon
1133167-58	how cold is jamaica in june
156493-72	what is goldfish?
490595-13	what is rsa based on?
156493-90	how do goldfish grow
1117099-53	why are volcanoes called coniferous arcs
1133167-191	average weather jamaica month
1112341-73	what is the currency in thailand?
443396-58	where are the baker act and the morgan act?
451602-73	what is cpap machine
833860-41	what are traditional foods in switzerland?
1114819-64	what are dme rentals
183378-83	what is the difference between an exon and intron
1114819-121	when does a medical item need to be approved for medicare?
962179-7	where is the salvation army based
168216-39	what is legionella pneumonia
1133167-161	when is the end of october in jamaica
47923-22	what is the axon terminal?
1117099-8	what type of boundary is a mountain range
451602-52	what is the treatment for als
104861-74	cost of flooring per square foot
104861-98	what is the square meter of polished concrete
1121402-22	why do settlers plant crops
104861-96	concrete slabs cost per yard
359349-21	which side of a triangle is not intersected
168216-119	what bacteria does legionnaires disease
264014-113	how long does flea egg life cycle take
527433-19	what is dysarthria and causes
451602-1	how does a ventilator work?
1124210-77	where are specialized, vascular cells found
451602-46	define mechanical ventilation
264014-66	how long does it take to hatch a chicken egg
1110199-26	what is the difference between bluetooth headphones and wireless headphones
1114819-33	is durable medical equipment necessary
451602-44	what is bipap used for
1114819-62	will i have to pay for cpap on my medicare
264014-20	how long until a flea is feces
1133167-172	where is jamaica's weather?
183378-47	what is the function of intron in dna
182539-0	definition of monotonic functions in math
1124210-98	which type of tissue is important to roots of plants
264014-15	how long does it take for fleas eggs to hatch
264014-4	how many stages of the flea life cycle?
1110199-7	why would you need a hub on bluetooth
359349-7	where is the midsegment of a trapezoid located
131843-16	what is the first sentence of a sigmet
183378-112	are cdna and cdna libraries the same thing
915593-50	what temp to sous vide fish
87181-8	what is asymmetric septal hypertrophy
1112341-76	what is the money called in thailand
915593-41	how long are ribs tender
87452-26	what is ptsd vs suicide
168216-113	what are pathogenic diseases
1114819-16	how does medicare pay for dme
1063750-150	why did the united states join ww1 as a result of a submarine
168216-171	define legionnaires disease
156493-31	how long does it take for goldfish to mature
156493-7	what is the size of a goldfish tank
87181-17	causes of aortic insufficiency
443396-27	can a hospital hold a medical emergency patient after the baker act
1117099-55	what is a convergent plate boundary definition
359349-10	what is midsegment mean
183378-28	which part of the gene is the coding region of a gene?
1129237-12	where is hydrogen stored
915593-21	what vegetables can be sous vide glazed
1133167-87	weather in ocho rios jamaica
1063750-41	who was involved in the ww1
264014-12	how long can you live fleas on a flea
451602-41	when is breathing help needed
1063750-98	what were the reasons why the united states began fighting in wwi
1114819-24	what is durable medical equipment
168216-85	who is the cause for legionnaires disease
1112341-77	what's the currency in thailand
148538-16	what is rn bsn nursing
1114819-205	used medical equipment
1133167-66	what is the weather in negril, jamaica?
1112341-92	what is thailand currency called
1103812-5	why was russia founded as a socialist republic
168216-164	what is legionnaire disease?
104861-12	cost for polished concrete
915593-0	why do i sous vide chicken
130510-7	why is it called quiet title action
1112341-102	what currency is there in thailand
1063750-37	who was president of the progressive movement
1133167-133	montego bay weather in april
264014-91	how long do fleas live for
1112341-100	what is thai currency mean
264014-149	how long does the adult flea live in the egg
183378-130	what is a gene made of
1112341-40	why is songkran celebrated
1133167-119	jamaica temperature in september
443396-18	what is the florida baker act?
264014-135	when do fleas hatch
264014-58	how long does it take for a flea bite to hatch
264014-28	how long is flea life cycle
1114819-39	home health care
1106007-1	what is the definition visceral
1133167-64	jamaica average temperatures in june
1063750-171	why did the us enter wwii
131843-4	what is the difference between convective and convective sigmet
1063750-168	who was president in 1917
1114819-45	who to see for medicare benefits
156493-76	how big do gills get
1112341-20	what currency is used in thailand
156493-21	what is the minimum size of a goldfish tank?
1129237-5	what is the state of matter of neon
1114819-136	how much does medicare pay for durable medical equipment
1114819-199	what medicare pays for dme
264014-126	how long do fleas live with dogs
148538-28	what type of degree is required in lpn
264014-29	do fleas have pupae
264014-11	what is the ideal temperature for fleas to live
1063750-179	when did the us enter ww1
1063750-86	what state did arizona become a state
833860-17	what is roesti
1114819-40	when is dme mandatory
1114819-42	who is eligible medicaid
1124210-13	where are the xylem fibres found
264014-47	what is fleas
443396-22	what is the baker act for mental health
148538-21	what type of degree is needed for a nurse
1133167-73	when was hurricane sandy on in jamaica
87181-27	causes of left ventricle hypertrophy
1112341-3	what are the colours for the thailand flag
1114819-186	what is the difference between braces and implants?
527433-32	what type of disorder is cerebrovascular palsy
915593-11	what temperature should a hard boiled egg be cooked
47923-21	what is the axon terminal end called
962179-5	did william booth serve in the salvation army
1114819-161	why is a continuous glucose monitor considered a medical device
1133167-180	what type of weather is in jamaica
1063750-63	when did wilson begin his war
87452-28	what mental illness did soldiers suffer during vietnam
1133167-22	what is the weather of jamaica
183378-61	what is the function of ribosomes?
1114819-198	what is the insurance coverage of a humidifier
1117099-32	which is the boundary between the oceanic crust and the continental crust?
490595-23	what is an rsa key
1117099-75	what is a convergent plate boundary
148538-30	what does rn make a year
1124210-5	the vascular tissue in a plant is called the
962179-12	when was the salvation army created
915593-23	how long does it take to sous vide an apple?
168216-136	what bacteria are in legionnaires disease
1121402-8	define contour plowing
1112341-108	what color is the thailand flag
1112341-39	when is the songkran festival
1115776-1	what does the amm analyst do?
1063750-111	why did america declare war on germany
87452-27	causes of death in military
915593-13	what temp and time to cook egg
156493-62	can you keep neon fish and goldfish together?
1121402-17	which option in the question refers to the second or third option?
1112341-29	how much is thailand baht
915593-68	can a masterchef sous vide
183378-127	what's the definition of gene
443396-40	what age do i have to be to be admitted into bakers act
1133167-166	what's the weather in jamaica in september?
1063750-75	who created the zimmerman telegram
1133167-129	weather in ocho rios jamaica in december
47923-11	axon definition psychology
1063750-9	what was president woodrow wilson's response to the u.s. war effort
451602-38	types of cpap machines
1133167-111	yearly average temperatures in jamaica
1114819-176	what is tricare durable medical equipment coverage
1133167-116	what is the weather like for jamaica?
156493-89	what kind of fish is bigger koi or goldfish
183378-29	what is whole exome vs genome
47923-8	what is synapse and action potential
168216-173	how are legionnaires disease transmitted
962179-16	where is the salvation army in cincinnati located
443396-53	how long is the baker act valid in hospitals
915593-36	how long do you cook a short rib in a sous vide oven
1124210-10	what are the main cells of the xylem
833860-11	what is swiss food like
104861-19	how much should i expect to pay for concrete per floor
87452-14	why has the suicide rate in the military tripled since 2005
1114819-72	what are durable medical equipment
451602-71	define cpap
104861-90	how much does concrete flooring cost
1106007-20	definition of gut
183378-70	what do blueprints tell me
1063750-121	who received the zimmermann note
104861-57	concrete floor finishing cost
1117099-77	what is convergent
47923-25	what part of the nerve is the axon
1063750-11	who was responsible for the war message of 1914-1917
87452-19	does ptsd cause substance use
156493-86	how long does a goldfish live
1063750-106	what did the united states do after world war i
1133167-24	what is the average weather in jamaica
207786-8	what type of sharks need food
1117099-64	what type of plate boundary forms when oceanic and continental converge
1112341-57	what is thai boxing and why is it important
104861-103	concrete polished floor price per square foot
1112341-83	what is the currency thailand
1037798-3	what state is the pacific northwest in
1121402-7	which is the best way to prevent soil erosion on a farm?
962179-20	when was the salvation army started
527433-4	causes of dysarthria
148538-27	how much do bsn nurse make an hour
1114819-53	medicare part b a dme
489204-20	what is the cause of right side abdominal pain
1133167-146	when does jamaica weather change
490595-9	define rsa technology
833860-29	where is the switzerland fondue tucker
1037798-4	why is it called oregon?
1124210-92	what type of tissue is a xalem
1117099-79	what is a continental margin
1063750-59	when is the u.s. war on germany
168216-132	what does legionella cause
1112341-0	thailand flag what colours are there
183378-21	what is the difference between genes and exons in the human genome
183378-78	how much dna is contained in the human genome?
527433-25	how does parkinson's affect the body
264014-23	how long do fleas live outside of a cocoon
833860-22	what cheese is swiss made out of
1112341-9	what is thai currency
168216-145	causes of legionnaires disease disease
168216-162	definition for legionella
1124210-70	what type of tissue is found in a xylem
527433-1	what would cause dysarthria
156493-70	different types of goldfish
527433-33	what is dysarthria in a child
1114646-9	what is famvir for
183378-158	what is the coding region of a gene
1124210-51	what is the function of xylem
490595-14	who created the rsa technology
156493-113	how big is goldfish
527433-26	what is dysarthria?
264014-75	how long does it take for flea eggs to get out of carpet
1114819-153	does medicare pay for an insulin pump?
1129237-15	what is hydrogen found in
1114819-109	who pays for dme equipment
168216-108	atypical pneumonia causes
207786-5	what type of sharks have heat retaining mechanism called
1117099-20	what is convergent plate boundary
1110199-24	what is bluetooth 4.0?
1117099-71	which plate is the passive margin of the east coast?
1103812-4	what is the commonwealth of independent states
104861-45	cost to install floor
1124210-93	what is the vascular tissue in plants
1133167-164	what is the weather like in jamaica in september
1114819-21	what part is the dme covered under medicare
156493-46	difference between koi and goldfish
1114819-67	what is medicare part b payment
1124210-47	where is sap in plant
183378-59	which type of chromosome contains genes
451602-50	what is mandatory ventilation for a patient
915593-40	how long to marinate ribs for sous vide
104861-14	cost of polished concrete floors
573724-6	social determinants definition
451602-60	what is mechanical ventilation called
1133167-32	what is the climate of jamaica
1063750-124	how many people were killed when the lusitania sinks
1063750-155	what was the fuhrer note
1114819-10	what is durable medical equipment used for?
1113437-18	how do fir trees compare to spruce trees
1112341-61	what is thai muslim kickboxing
1114819-66	what are medicare part b and b premiums
183378-172	what is the difference between a intron dna molecule and an exon dna molecule
168216-178	what does the pneumonia antigen do in a urine test for a legionnaires disease patient
1133167-185	weather in jamaica in january
490595-4	what is the definition of rsa
87452-8	can substance abuse cause ptsd?
168216-33	common causes of pneumonia
1133167-76	where did hurricane sandy hit
451602-10	what is cpap treatment for sleep apnea
1063750-146	how did the zimmerman note affect public opinion about the war?
573724-5	social determinants of health
1124210-57	which tissue systems are found in leaves, stems, and roots
490595-3	what is rsa
443396-45	did california abolish mental hospital
1110199-19	how fast is bluetooth direct internet speed?
1124210-97	what type of tissue is present in vascular plants
1063750-61	what day did the lusitania sink
47923-18	where is the action potential axon
183378-138	what is the purpose of an exon?
1114819-102	can medicare pay for wheelchair ramps
183378-68	where does transcription occur
264014-65	how long does it take to hatch a turkey egg?
1129237-2	what is the temperature of liquid hydrogen?
1114819-149	who should be on a respiratory therapist
168216-154	walking cough symptoms
1106007-17	how is viscerals defined
1114819-190	what is a dme machine
1112341-111	what currency is in thailand
168216-98	what is pneumonia causes
1112341-6	what is thailand flag colour
168216-9	what is legionnaire's disease
1117099-37	what is the convergent fault?
1124210-34	what is the difference between the simple and xylem tissues?
156493-95	how big goldfish grow
182539-5	what is monotonically decreasing
915593-31	what is a beef temperature
489204-15	what would cause right side pain
1113437-7	do pine trees have needles
915593-37	how long do ribs take to cook in sous vide
168216-100	what organism causes legionnaires disease
1114819-70	which part of medicare is covered by deductible
1063750-93	when did unrestricted submarine warfare begin?
104861-25	average cost to finish a concrete floor
1063750-24	zimmerman telegram definition
1063750-2	who was the president of united states during world war i?
489204-23	where are your kidneys located on your body
168216-144	legionnaires disease is caused by
156493-116	how big are common green goldfish
104861-100	cost of concrete per yard
1124210-102	which part of the xylem is associated with vascular tissue
1114819-203	does medicare cover orthotics
833860-21	what kind of food do swiss people eat
359349-12	what is midline geometry
1112341-86	what is thailand's animal
168216-134	what kind of bacteria does legionnaires disease have
264014-105	what's normal temperature for fleas on cats
1124210-31	what type of tissue does xylem transport?
443396-50	how long is a hold on welfare check
104861-68	price per yard to pour concrete flooring
359349-18	what is midsegment of an arch on a trapezoid
264014-46	how long does flea larvae live
168216-199	what was legionaire's disease
168216-38	where is legionella potting mix found
1110199-23	what is ibn range?
1114819-111	medicare transportation wheelchair phone number
168216-61	what bacteria cause legionnaires
1133167-14	where was hurricane sandy sandy
104861-27	cost of resurfacing concrete floors
168216-66	what does legionnaires disease mean yahoo
1133167-102	when is the best time of year to visit jamaica
1114819-192	what is medicare required for dme
1114819-84	can you use a dme provider for medicare coverage
915593-76	what is under vide food packaging
1114646-6	what is the fda approved medication for cold sores
1133167-83	what is the average temperatures in jamaica
104861-51	how much for concrete floors
1133167-45	when to go to jamaica to get married
1133167-36	what is jamaica compared to connecticut
915593-8	what temperature should steak be cooked sous vide at
87452-10	what is the suicide rate in the army
489204-10	what is the pain in my lower right stomach
1063750-17	what year did ww1 happen
264014-43	how to get rid of fleas in pets
443396-44	what is lps conservatorship
168216-187	types pneumonia
1114819-1	what is covered by tricare for dmepos
1114819-80	dme definition for medicare
490595-19	what is rsa cryptography used for?
915593-59	how long to cook salmon in a sous vide pot
915593-44	how long to cook pork jowl in sous vide
104861-76	what is the average cost to install epoxy flooring
156493-51	how fast to goldfish grow
156493-33	what is growth rate for goldfish
1114819-96	where do medlines come from
183378-41	which part of dna is a coding region of a gene called an intron?
156493-36	what temperature do you set your goldfish tank at
47923-30	what is the rounded area on the end of the axon?
183378-108	what is exons?
168216-137	is mycoplasm pneumonia hereditary
1117099-6	where are convergent & active continental margin
168216-12	what is legionnaires disease?
443396-37	who can examine an individual
168216-58	what is legionnaires disease disease
1117099-65	what type of plate boundary is associated with the passive continental margin
1133167-142	weather in jamaica february
183378-15	difference between genetic and cdna
183378-162	exons what is that is a part of a gene
264014-34	can flea bites be carried in dogs
1133167-179	average temperatures in jamaica
1114819-123	who approves durable medical equipment
1133167-122	average temperatures in jamaica feb
1063750-87	why america entered ww1
1133167-57	average temperature jamaica in december
183378-121	what is the function of mrna in a eukaryotic cell
1063750-4	who voted the declaration of war on germany
1110199-1	what is bluetooth direct
148538-12	what is the difference between an adn and bsn
1063750-109	what era of the united states was the war on germany
915593-26	what temperature should cod be cooked to
1124210-59	what type of xylem tissue is the most important
264014-18	how old will fleas live
1106007-31	visceral medical definition
1063750-157	when did the zimmerman telegram happen
1133167-78	average temperatures for jamaica
47923-31	what is the action potential for neurons
1133167-135	weather for the bahamas in january
168216-169	cause of legionnaire disease
443396-32	who was baker act
87452-2	what is the main reason for military suicide rate
264014-52	how long does flea life span last
264014-9	how long do fleas live
915593-20	what spices and fruit are good in sous vide
1114819-182	what term describes medical equipment used for a specific purpose?
1063750-38	did the united states enter world war i
264014-27	how long does flea stay in your body
1063750-132	what was the impact of the lusitania
104861-88	cost of polished concrete flooring
915593-29	how do i cook chicken under vide?
1124210-28	what are the tracheary elements
490595-1	what is rsa in computers
1063750-182	what year was woodrow wilson elected president
915593-1	what temperature is medium rare pork shoulder
1133167-137	average rainfall in negril, jamaica in march
1063750-1	what was the immediate cause for the united states' entry into wwi?
183378-106	what is the requirement in translation
168216-117	can legionnaires disease be caused from pontiac fever
1114819-73	can a company sell wheelchair
183378-163	what is introns
1114646-8	what is fabciclovir used for
1112341-110	what currency is used in thailand?
1063750-158	why was germany defeated in ww1
104861-11	concrete overlay cost
264014-38	how long do fleas live without a host
168216-87	how long for legionnaires to get
451602-72	what kind of air does a breathing tube do
183378-65	what is a block of code
1063750-66	which us war was the last straw?
104861-89	cost to polished concrete floors in los angeles
1117099-59	what is an oceanic ridge
527433-6	which condition is a sign of dysarthria
104861-99	average cost of concrete floor
443396-1	what is conservatorship california
1112341-42	what is thai language?
183378-85	why is the difference between an intron and exon in genetics
148538-15	is rn a bsn?
168216-81	which respiratory pathogen causes cap
451602-56	when does a patient get positive pressure ventilation
264014-26	how long does it take for fleas to hatch
104861-4	how much is it to refinish hardwood floors
183378-90	difference between intron and exon in protein
1114819-131	what is dme in health
915593-49	how cold does monkfish need to be to spawn
264014-141	how long is it taking for fleas to emerge from house
527433-10	dysarthria symptoms and signs
168216-111	what cause legionnaires disease
183378-142	what is the human exome
451602-63	why mechanical ventilation of the respiratory system is necessary
156493-82	biggest goldfish ever
1114819-19	what is dme coverage
168216-128	symptoms of legionnaires disease
1124210-12	what type of tissue are tracheids found in?
1133167-152	what is the temp in jamaica for june
156493-64	how long does goldfish live
451602-39	what is the purpose of cpap
1133167-41	what is the weather like in ca
915593-77	how to cook in sous vide
405717-1	what is the airport code for cdg
359349-9	which side is the midsegment
1063750-32	why did the us enter world war one
183378-73	what is the dna code for
915593-3	what temp do you cook sweet potato in for sous vide
1063750-122	what was president wilson's biggest argument
1106007-24	what is the difference between visceral and cerebral
168216-122	what is legionella pneumophila responsible for
1110199-10	what is the difference between bluetooth and wifi
168216-84	is legionnaires disease bacterial
183378-66	what is the function of the promoter of the gene in translation
168216-72	causes of legionnaires' disease
1114646-7	what kind of medicine is given for cold sore
183378-147	what is messenger rna?
1103812-0	which international organization was formed to promote global peace and security between nations?
1124210-32	what type of tissue is found in the tree trunk
1114819-160	do medical equipment help
1133167-120	weather in jamaica in september
1114819-125	does medicare pay for hospital beds
915593-12	how to poach an egg
1114819-171	what kind of braces does medicare provide
104861-97	how much does it cost to pour and finish a concrete floor
104861-35	cost of concrete overlays
443396-23	who can be notified of an alleged breach of the baker act
1063750-119	what kind of government did woodrow wilson have
1133167-193	weather in jamaica in july
1124210-23	what is the main function of tracheids and vessel elements in plants?
1112341-94	what is the thai language called
264014-115	how many eggs do fleas lay
1129237-13	what liquid temperature does hydrogen have
264014-87	can you kill fleas with blood
1121402-20	can contour plowing reduce soil erosion
183378-105	which of the following is the most functionally relevant dna? b chromosome c t a
183378-160	what is the process of transcription
1133167-68	what type of storm is gilbert
130510-11	what is declaratory judgment
183378-76	why dna contains all of the plans and tells what every cell is capable of
1114819-164	does medicare pay for wheelchairs
1114819-181	what is long term insurance
443396-15	who is the public defender in baker act cases
183378-95	how many xenons in a chromosome
148538-13	how long to get rn license
915593-7	what temperature to grill beef steak
451602-17	what type of mask for ncpap
168216-133	is legionnaires disease a bacterium
1112341-54	what is the color of thailand's flag
451602-49	what kind of mask do you need to use for cpap
1133167-208	average temperature in jamaica in february
1133167-46	when is the best time to visit jamaica
1114819-158	can senior get scooters on medicare
1063750-52	who urged american congress to declare war on germany
168216-129	what's legionnaires disease
443396-56	baker's legal definition
1112341-56	which sport is in thailand
131843-9	what is a sigmet
183378-57	what is the genetic information of genes
148538-4	difference between bsn and rn
264014-13	how long does fleas live in the air
183378-44	does rna splice dna
1133167-143	what is the temperature in jamaica in august
443396-21	why is the baker act important
168216-165	what type of infection is legionnaire disease
1129237-0	at what level does hydrogen need to cool
104861-106	cost to resurface polished concrete floors
1112341-5	what is the meaning behind the thailand flag
183378-46	what is the name for the sequence that contains pre-mrna?
168216-82	who is impacted by legionnaires disease
527433-31	what type of dysarthria is cerebral palsy
1133167-67	what category was the hurricane gilbert in jamaica
104861-56	how much does epoxy flooring cost
451602-67	what is assisted mechanical ventilation
1133167-44	what is weather like in jamaica?
168216-114	legionella causes what diseases
156493-42	what to feed goldfish for a show
451602-15	can a cpap help sleep
1112341-19	what is tha currency
264014-49	how long does a flea pupae stay in their cocoon
168216-42	what causes pancreatitis
183378-1	definition of genes science
1117099-44	where do two plates meet
1063750-135	when did us get into world war 1
573724-2	what are the determinants of health in sociology
183378-38	which process is involved in transcription of exons
1124210-53	what is the type of tissue plants are made of
264014-118	how long can pet fleas live
264014-151	how many eggs do fleas normally have
1124210-118	xylem definition
490595-11	who invented rsa algorithm
1063750-149	what was the primary cause of the zimmerman note? quizlet
1124210-35	where are trachea found
1063750-20	when did wilson die
1124210-84	are liverwort land plants a vascular land plant
1117099-12	definition convergent plate boundary
1114819-31	what is required of a durable medical equipment supplier to have a skilled nursing facility
1133167-200	what is the weather like in montego
443396-16	when can a lps conservatorship be established
1063750-72	why was the u.s. in world war 1
1112341-107	which currency is used in thailand
168216-24	what is legionnaires' disease?
1117099-56	what is the oceanic continental margin
1124210-44	what is xylem and trachea
207786-7	how do tuna sharks speed up their speed
47923-0	how long are axons
1133167-115	average temp in jamaica
1133167-173	when is the rainiest month in the caribbean
527433-27	can dysarthria cause slow speech
87452-9	what can cause a person to commit suicide
443396-13	who is the baker act appropriate for
1063750-14	when did wilson go to war
156493-80	what colors come in pond
1063750-147	what was the purpose of the mexican pact
131843-10	what is sigmet
359349-6	what is the midsegment in a trapezoid
1112341-32	what is the currency of thailand in baht
1110199-20	which is more secure bluetooth or wi-fi
1133167-21	what's the weather like in jamaica?
183378-149	what is needed to produce a functional product? quizlet
1124210-91	what is the function of the xylem and veins in the leaf
1133167-55	what months are in jamaica
1133167-20	what is the climate in jamaica
168216-6	can legionnaires cause pneumonia
168216-183	which bacteria cause legionnaires disease
490595-7	who invented rsa and cipher
1112341-95	what is the culture of thailand
915593-75	what temperature for sous vide
1133167-128	when do hurricanes hit jamaica
168216-1	what is legionnaires disease
1133167-196	what is temperature like in jamaica in july
1129237-8	what is the critical pressure for hydrogen
1063750-43	why did the united states get involved in world war i
1124210-54	what is the purpose of the xylem cells in a plant?
1112341-31	what type of currency is used in thailand
1063750-85	why did woodrow wilson declare war
156493-88	does a goldfish need a fish bowl
1124210-81	what is the difference between xylem and phloem
451602-3	what is bapp
183378-93	what is an exon in biology
1133167-94	what is the weather in jamaica?
264014-77	how long can flea eggs stay dormant
264014-60	how long to fleas live
1133167-25	what is the weather in jamaica in december
489204-9	what is pain under kidney
915593-10	how long does it take to cook steak in sous vide
168216-8	legionnaires disease causes
182539-8	a monotonic sequence can be bounded below a specific zero.
156493-78	what size fish is comet
451602-6	what type of masks do you need to use for sleep apnea
146187-6	how many cheese in a double cheesburger
183378-42	what kind of rna is produced in eukaryotic cells
1124210-80	difference between xylem and phloem
131843-14	what type of message is the sigmet?
1114819-41	can medicare pay for wheelchairs
1133167-195	what is the weather like in jamaica?
1133167-169	typical weather in jamaica in may
1063750-29	who was the main reason for american entry into world war i?
183378-169	introns definition dna
104861-40	cost concrete floor
490595-22	what is rsa encryption
264014-148	what is the lifespan of a flea
168216-16	where is legionnaire disease in lisbon
104861-101	how much does polished concrete cost per square metre
1124210-60	what type of cells are the vascular bundles in plants and roots
1112341-59	what is the color of thailand flag
489204-4	what is liver pain
451602-30	how does cpap work
451602-11	what is cpap?
1133167-16	what is the weather in jamaica like
1133167-74	what is the wettest place in jamaica
1124210-8	what are tracheids in plants
915593-34	what spices are in bbq short ribs
1106007-36	instinct definition
87181-11	causes of hypertension lvh
1133167-56	when is jamaica best time to visit
1133167-157	when is the best time for rain to start in jamaica
1133167-153	average june temperature jamaica
1133167-59	why is jamaica famous for hurricanes
1063750-78	why was the sussex pledge rescinded
1114819-18	what is dme coverage medicare
1106007-28	visceral definition literary term
1133167-174	what is the weather in jamaica in january
1117099-49	what are active continental margins
168216-153	what is legionnaires diseases
1133167-139	average rainfall jamaica in november
183378-167	which exons facilitate splice sites in rna?
1103812-8	who are the cis republics
451602-37	what's the cpap
104861-0	cost of a concrete floor per square foot
1124210-42	what cells are found in xylem
264014-106	how long does flea eggs last on a pet
264014-98	how long before fleas lay their eggs for cats
156493-48	what happens when your goldfish dies
264014-96	how long does fleas live for
1117099-50	where do continental margins exist
1121402-19	what is the difference between a field and a landscape?
168216-52	what are legionella species
489204-17	what causes pain right abdomen
1112341-71	what is the thailand currency called
104861-16	cost of concrete floors
527433-18	causes of slow speech
87452-16	is it normal for ptsd to be in the same mental health disorder as anxiety
47923-32	what is the role of the neuron in neurotransmitters
87452-25	why did some soldiers try to kill themselves
451602-95	how many days after surgery can you speak
1114819-211	definition of durable
156493-27	how big is a comet goldfish
264014-61	how long does a flea survive without an host
1112341-28	what is the currency in thailand
915593-71	why is it important to sous vide pork chops
1121402-1	how to prevent rain driven erosion
104861-87	how much does polished concrete cost in square feet
168216-147	legionnaires disease bacteremia
451602-25	does a tracheostomy help with ards
1063750-48	when was the zimmermann telegram written
915593-72	can you sub vide chicken steak
451602-21	why would you put a patient on a ventilator
168216-101	causes of legionnaires' disease ldb
183378-145	what is cytosine c?
264014-107	how long flea eggs in the wild
1133167-215	where did hurricane sandy hit new jersey
168216-55	what type of bacteria cause legionnaires disease
1063750-108	why did the u.s. become involved in wwi
573724-3	what are social determinant of health
1063750-103	who was president when the us entered a war
168216-21	what kind of bacteria causes pneumonia
1112341-4	what the colors on the thai flag mean
1114819-165	is patient lift dme
1113437-9	what is the difference between a fir tree and spruce tree
527433-12	dysarthria is characterized by
443396-11	what kind of conservatorship can a person with mental issues do?
183378-129	what is dna hypernym
264014-132	how many life cycles before fleas
264014-120	what are the larvae of a flea
1133167-125	what is the climate like in jamaica
1114819-22	what is medicare b coverage
183378-80	why are introns and exons important in the genome of a molecule
1114819-115	what is dme?
1124210-39	which tissues are found in the vascular tissue system of plants?
1124210-69	which cells are found in the xylem
87452-17	can ptsd be cured with disability
451602-68	does a cpap need to be insert through the mouth to deliver air to a ventilator?
168216-168	signs symptoms legionnaires
1133167-51	when was hurricane sandy
1112341-22	what is the currency of thailand
1063750-113	when was the new strategy
1112341-16	what are the colours in the thailand flag
1114819-17	what type of coverage for a knee clamp
915593-45	how to poach a poacher egg in plastic wrap
148538-19	how long does it take to be an rn
1133167-211	when is weather in montego bay jamaica
443396-19	how long does an adnc stay if committed to a psych hospital
359349-13	what are the legs of a trapezoid called?
1124210-75	what is the function of the pitted tracheids in plants
104861-77	average cost per sqft for cement floor
451602-2	what is a ventilator used for
156493-29	what is the average width of a goldfish
183378-25	what is the difference between dna and proteins called
168216-131	what is legionella bacteria
264014-138	how long flea life span
1112341-38	when do the water fight in thailand start
264014-25	how long does the larvae take to hatch
1117099-62	what is the definition of convergent boundary
443396-5	what is the difference between a voluntary hold and involuntary hold?
855410-0	who are theraderm dermatologists
1114819-128	what does the term stimulator mean
104861-65	how much should i charge per square foot to polish a basement floor
183378-33	what is a gene and its function
451602-61	what is tidal support ventilation
1063750-16	what was the first war wwe
1114646-11	what is the drug famciclovir used for
168216-25	what is legionnaires disease caused by
47923-12	what is the function of neurotransmitters quizlet
1133167-52	where was hurricane sandy?
1117099-78	what are continental margins
1133167-88	what is the weather in ocho rios
1121402-13	what is contour plowing?
1063750-90	what was wilson's plan after world war i
1133167-134	weather in montego in april
1114819-98	define dme
156493-67	what is the common goldfish
1114819-114	do equipment need medical necessity
1112341-58	what is thailand currency
183378-136	which regions are interrupted by an intron
1114819-157	is a wheelchair considered durable medical equipment
1112341-68	what is thailand's exchange rate
264014-83	how long for a flea egg to hatch
1113437-20	do firs and spruce tree branches have a ridge
962179-1	who created the salvation army
915593-38	how long does it take ribs to grill in sous vide
104861-26	average cost per square metre polished concrete
1114819-108	do medicare reimburse for dme
168216-112	what kind of disease is mycobacterium tuberculosis
1063750-118	why did president wilson want the united states to go through world war i
1114819-169	define medical equipment
443396-41	what is the lanterman petris short act
1133167-85	what's the weather like in jamaica in january
1110199-27	how fast is bluetooth 4.0
915593-28	what temperature to cook cod
1114819-143	what is the use of dme
1114819-144	what is dme for
1112341-44	what is the culture in thailand
915593-78	sous vide definition culinary
168216-189	what is the different types of pneumonia
47923-33	what is the function of the axon terminal of a neuron
168216-160	is a legionnaires' disease
1063750-45	what were the main purpose of the war
183378-37	what is a exon and an intron
1112341-82	what currency used in thailand
1117099-57	where is oceanic crust found
1063750-170	what was the purpose of the us entry into world war i? why or why not
104861-1	how much does concrete floor cost
1114819-119	difference between medical equipment and home care supplies
1117099-39	where is the active continental margin located
168216-140	pneumonia symptoms in adults
1133167-154	where is jamaica on the map
168216-7	is legionels' disease deadly
168216-177	when did legionnaires disease become common in urine
451602-16	intagate definition
405717-2	what is the code for charles de gaulle international airport (cdg)
264014-92	what temperature do fleas spawn
183378-79	difference between introns and exons
264014-85	how long does it take for a flea egg to hatch
1112341-55	what is thailand's currency code
104861-32	average cost of a concrete floor
168216-15	types of bacteria that cause pneumonia
264014-42	how long does it take for fleas to leave your home
1103812-3	when did the us leave the economic court of independent states
146187-5	what kind of cheese is in mcdonalds mcdouble
1063750-137	what was the lusitania u
1133167-50	what year was the hurricane sandy
1124210-24	what are examples of a simple tissue
183378-139	what is exome sequencing
1117099-19	why are active plate margins important
1114819-25	is medical equipment covered by dme
1114819-168	what does medicare part b cover
451602-65	what is the difference between cpap and lpd
1063750-36	why did germany declare war
104861-41	concrete floors cost per sq ft
1063750-92	which war was a result of unrestricted submarine warfare?
1112341-12	what is the thailand flag colour
264014-59	what type of fleas are laying eggs
207786-4	what is the unique feature of a shark's nose
168216-163	legionella meaning
1112341-53	what is thong in thailand
1110199-25	what's the difference between wifi bluetooth and wireless tethering
1114819-3	cgm cost schedule
915593-43	how long to cook ribs in sous vide
264014-124	how much longer to hatch flea eggs
1124210-99	xylem vessel characteristics
1133167-212	weather in berkeley jamaica
833860-16	foods to eat in switzerland
104861-2	how much will it cost to add concrete flooring
1110199-4	what is wifi bluetooth
1063750-142	who was the primary enemy of usa
1114819-2	what is the average weekly work hours for the home health system
183378-69	are dna and mrna the same thing
1133167-209	weather ocho rios jamaica
833860-36	what kind of foods does switzerland have
833860-7	rostina definition
183378-71	what is the purpose of the genetic code
264014-10	when do fleas start laying eggs
183378-40	why are the exons removed from mrna during transcription
1063750-161	did the americans really want to enter belgium
527433-20	does dysarthria occur with slurred speech
1063750-152	what led ww1 to the collapse of germany
1133167-12	when did hurricane sandy hit jamaica
156493-115	what size tank do goldfish live in
1133167-48	average temperature jamaica august
1114819-101	do wheelchair ramps pay for medicare
1063750-127	what did the first major event in ww1 result in in american involvement in ww1
183378-114	which of the following are the parts of a gene that are expressed by transcription
1063750-123	what did the lusitania sunk
1063750-91	when was the us declared war
1112341-7	what the meaning of the thai flag
1117099-29	which is an active margins
1124210-38	why do trees have vascular tissue
87181-30	causes for enlarged left ventricle
1114819-147	is dme covered under medicare
833860-32	what type of food does switzerland eat
1063750-176	when was the war with austrian hungary
264014-2	how long do fleas survive without a host
183378-54	what is the difference between dna and nucleic acids
1133167-182	what is the weather in jamaica in april
1106007-18	definition of stomach
1112341-105	where does kickboxing originate
183378-153	difference between intron and exon
264014-30	how long can fleas live for
183378-111	what are the characteristics of fungi
168216-92	is legionnaires disease a virus
183378-125	types of nucleotides in genes
183378-171	which rna gene is included in a gene transcript
1114819-90	what is considered durable medical equipment
1112341-78	muay thai tai chen
443396-57	what is the baker act in florida
183378-97	what type of editing occurs for dna to be transduced
1114819-79	insulin is considered a supply for infusion
47923-40	what is a axon terminal in psychology
527433-21	define dysarthria
182539-1	example of monotonically increasing graph
915593-22	how do you make rhubarb
131843-8	what is the convective thunderstorm advisory
168216-193	causes of legionnaire's disease
264014-7	how long to keep flea eggs at home
104861-79	how much does it cost to install concrete floors
87452-15	causes for suicide and how to prevent it
1133167-8	weather in jamaica
1133167-167	what is the elevation of cinchona botanical gardens jamaica
168216-31	how many people in the us have legionnaires
359349-19	which part of the trapezoid is parallel to the pair of parallel sides?
146187-3	price of dollar double cheeseburger
915593-30	when to cook sub vide steak
183378-0	which is true about rna in terms of splicing?
87181-21	causes for left side valve hypertrophy
1113437-21	different kinds of spruce trees
264014-40	how long can fleas live without eating
156493-54	how much water do you need for a gold fish
451602-69	what is cpap therapy
833860-37	what is the difference between switzerland and mexico
1121402-5	contour farming definition
183378-107	introns and exons differences between a gene
1112341-23	thailand baht currency
1114819-86	does medicare pay for home health insurance
1112341-14	why is it called the thai flag
183378-26	what is the difference between dna and cdna?
443396-33	who is maxine baker
1110199-15	what is bluetooth vs wifi
1124210-101	difference between tracheid and vessel cells
87181-5	what causes left ventricular hypertrophy
47923-13	what is the function of a synaptic knob
156493-85	how much water should a goldfish have in a bowl?
1110199-6	what's the difference between wi-fi direct and bluetooth 4.0?
1124210-63	what is the function of the vascular tissue of a plant
527433-0	does pseudobulbar palsy cause dysarthria
1133167-202	what is the best month to visit jamaica
451602-43	what is a coma medical term
156493-2	how fast do shubunkin goldfish need to grow to
451602-19	what ventilation device
183378-84	who coined the term intron
443396-0	can a person be conservator with a mental illness
87181-6	what causes ventricular hypertrophy
833860-27	different kinds of food and drink in switzerland
1129237-11	what is the temperature of water
156493-87	what is the lifespan of a goldfish
1063750-35	what led to the declaration of war between the united states and germany
1133167-124	how is the temperature in jamaica
87181-15	causes of ventricular hypertrophy
1114819-100	who does quality dme stand for
104861-13	cost of concrete floor
1133167-100	what is the average rainfall of jamaica
264014-139	how long can fleas live without food?
168216-97	what are some bacteria on a water heater
104861-70	cost per square foot of concrete flooring
962179-8	who founded the modern day church
1133167-91	how is the weather like in jamaica?
451602-57	why is mechanical ventilation necessary
156493-97	what size tank do you need for goldfish
264014-48	what is the life span of flea eggs
1114819-189	what is medical equipment
1106007-30	which term describes the interstitial organs of the body? visceral or extrinsic?
264014-84	how long does it take flea larvae to hatch
359349-23	what is a trapezoid
451602-98	why mechanical ventilation is used
168216-36	which bacteria cause pneumonia
87452-0	why did most vietnamese suffer ptsd
156493-19	what is the best size for a wakin goldfish tank
168216-126	is legionella gram negative or gram negative
264014-72	how long before fleas hatch
183378-63	what part of an rna molecule does it transcribe
962179-13	when did salvationists originate
1063750-13	what kind of leader was woodrow wilson
156493-104	how long till goldfish are fully grown
183378-13	what role does yb-1 play in gene synthesis?
1124210-1	what type of cell is a xylem tracheid
833860-25	what is the best thing to do in switzerland
87452-11	what is the suicide rate in the military
359349-17	which of the following parts of a trapezoid is the legs of?
1037798-1	where is astoria located on the us
183378-99	what is the coding regions of a gene
1133167-65	what is the average temp of jamaica in may
264014-103	what are fleas eggs made up of
1106007-26	visceral reaction meaning
104861-83	how much is a yard of concrete
527433-5	what is dysarthria
1133167-107	weather in jamaica year round
527433-22	common causes of dysarthria
1115776-2	why is a bsa analyst
855410-1	what is lanolin used for in face cream?
1106007-11	what is my gut reaction
1133167-156	where does the weather in jamaica come from
104861-86	average cost of polished concrete floor per linear foot
1114819-37	what do they do for seniors
1133167-178	what's in jamaica in january
1063750-28	what was the lusitania
183378-165	how are introns removed
1121709-2	what is the three percenters
833860-4	what is the typical food in switzerland
264014-76	how long does fleas live
47923-39	where is the dendrite located in a neuron?
1129237-1	what gas is hydrogen
1114819-180	dme medical billing
1121402-6	what is contour ploughing
1037798-0	who discovered the columbia river
405717-4	which airport is in paris
1114819-148	what is medical necessity certificate
1133167-218	what is the best time of year to visit jamaica?
1133167-138	what's the weather in jamaica november
156493-65	when does a big koi need to be housed
1124210-96	what are the two types of xylem tissue
1117099-38	what type of boundaries do volcanoes reveal
1133167-104	what is jamaica's ideal weather
168216-105	what is one type of acute pancreatitis
264014-100	what is the life of fleas
573724-4	what are the social determinants for health?
1133167-1	what is the weather in ocho rios?
1133167-23	average temp jamaica in may
1124210-48	what tissue is responsible of transferring water from plants
451602-0	what is cpap used for
47923-27	where do axon end
1133167-150	what is the weather like in jamaica in july
148538-25	what does an rn start out with
490595-2	define rsa
443396-54	what is baker act?
156493-98	what is the fastest way to get goldfish to grow?
183378-123	what is the function of a protein in dna
1114819-172	which medicare approved deductible is a 20%
264014-64	how long can fleas survive without water
1106007-40	guts meaning
451602-55	what is intubated
1114819-177	what is the difference between tricare and samantha
87181-3	cause of hypertrophic aortic valve
148538-10	average rn salary by year with a bsn
264014-114	how do fleas lay eggs
1133167-37	weather in jamaica in december
915593-52	how long can you over cook chicken breast at 145
451602-28	what kind of mask to wear with sleep apnea
1114819-174	what kind of equipment is a medical device?
489204-6	can kidney stones cause pain in lower abdomen
1063750-174	did president wilson declare war on germany
156493-61	when do goldfish get old
183378-48	what part of the rna is involved with translation
1133167-162	when do hurricanes occur in jamaica
1117099-70	where is an active continental margin located
1114819-194	what is hme
156493-99	where to buy new goldfish for my fish tank
1114819-7	definition of dme in medicare
168216-194	what is legionella cause
168216-94	what test are done for legionnaires disease
915593-27	what is sous vide cooking
1133167-27	average temperature jamaica in september
168216-26	what microorganisms cause pneumonia
131843-7	when does the sigmet start
833860-30	what is switzerland's traditional food
104861-46	cost of concrete floor per square foot
264014-90	how long do fleas have to live to eat
183378-157	what is the synonym of linked genes
1124210-107	what are the three main types of xylem cells
168216-188	causes pneumonia in adults
1121402-12	contour plowing define
1124210-37	do xylem cells have plastids
443396-2	age for baker act
264014-101	how many stages of life for a flea
168216-60	does legionnaires disease spread to humans
156493-34	what factors can affect goldfish growth
1133167-159	average temperatures in jamaica in march
451602-79	what is the intubation of the lungs called
1114819-116	what is the difference between medicare part a and part b insurance
1063750-30	why did the us enter world war 1
168216-179	what test is done for legionnaires disease
183378-96	what is the molecule deoxyribonucleic acid
104861-81	cost to stain a concrete floor per square foot
1114819-206	which part of medicare covers arm braces
1112341-18	where is songkran
1124210-85	what plants were the first plants
915593-54	what temperature should chicken be cooked for sous vide
1115776-3	what are the duties of an anti money laundering analyst
1114819-77	nebulizers for asthma cost
1106007-33	definition of viscera
359349-24	what is the midsegment of a trapezoid?
1106007-6	what nerve transfers emotions into the brain
1114819-197	what medicare part b coverage
156493-50	how fast does goldfish grow
915593-60	how long to grill pork tenderloin
1133167-127	what is the weather in jamaica in february
1063750-67	what year was the us allied with germany
1124210-106	what is the structure of the plant tracheid
87181-24	which inflammatory process can cause a heart to work harder
1063750-54	why did americans enter the war
1113437-0	do you know the difference between pines and spruce
1113437-3	what's the difference between a pine tree and a fir tree
833860-24	what is switzerland's food
183378-126	why do proteins have introns
1114819-56	what is the meaning of the term dme?
443396-17	conservatorship is for what type of person whose illness is mentally ill?
1117099-33	what is the purpose of convergent boundaries
168216-75	where did legionnaires disease originate
1124210-109	what is the purpose of a protoxylem plant?
527433-28	causes of speech problems in the child
1117099-72	define continental shelf
833860-18	where did swiss people eat dogs
1121402-4	what is ploughing
168216-118	what type of bacteria is legionnaires disease
1133167-72	when is jamaica hurricane season
833860-0	what type of food is switzerland known for
156493-71	how deep should a goldfish pond be
1063750-5	when and why did the u.s. declare war on germany
962179-2	which was william booth's father
451602-66	what ventilation is good for patients
104861-29	price to polish concrete floors
1133167-71	whats the weather in jamaica
148538-24	what kind of degree do you need to be a nurse
1133167-75	what is the hurricane zone in jamaica
1114819-185	can durable medical equipment be covered?
264014-45	how long does it take for chicken eggs to hatch
1114646-4	what is famvir medication
1133167-15	what's the weather in jamaica
1063750-156	why did wilson enter the war
1114819-154	does medicare pay for insulin pump
131843-17	what is sigmet weather
1114819-65	what is medicare part b
443396-28	can we transfer a patient from hospital after the baker act
156493-14	how to grow goldfish tank
1063750-160	when did the americans get to europe
1124210-4	what is the purpose of a trachea?
156493-105	why do fish tanks get bigger in the wild
168216-135	where is legionella found
1133167-28	what is the temperature in jamaica during september
1103812-7	what were the 12 republics that emerged from the soviet union
1133167-106	when is the best time of year to travel to jamaica
359349-16	what is the midsegment of trapezoids
1114819-5	what is the difference between part a and b medicare
1117099-3	what is the boundary between plate plates
168216-176	what are legionella symptoms in adults
1133167-189	which seaside has the most rain
156493-30	how tall can a goldfish get
130510-1	what is declaratory relief
1124210-117	what does an xylem do in plants
264014-142	how often can you get flea bites in your dog?
264014-94	how long for flea to mate
451602-76	what is hipap
1114819-13	what is dme in medical terms
87181-19	what side of the heart pumps blood?
1121402-16	what was the purpose of the soil erosion service?
1112341-118	what does muay thai mean
183378-2	how are exons formed
443396-51	baker act definition hospital
156493-102	how big should a fish tank be to grow a fish
47923-16	what part of a nerve cells is responsible for making synaptic connections that are similar to a button like end?
183378-55	what region in a gene has the introns
1106007-2	visceral meaning
182539-3	what is the definition of the monotonic transform
1133167-171	where is july jamaica located?
264014-127	dog fleas how long can they live in a shelter
156493-1	how big do shubunkin fish get
183378-91	how are the introns related to mrna
104861-63	cost per sq foot for a concrete floor
168216-158	what is als disease
264014-133	how long fleas live
183378-64	why do genes have dna segments
1114819-118	define, dme
451602-90	where is an endotracheal tube inserted
156493-114	how do fancy goldfish get
1124210-113	what is the main organelles and the function of plants tissues that conduct water and minerals from the leaves?
168216-40	what is adenocarcinoma of lung
264014-63	if fleas hatch how long to them
489204-3	what is the cause of lower abdominal pain?
156493-56	how big can comet goldfish grow
183378-168	how much sequencing will it take to find a human
183378-8	why is protein important in the human genome
1114819-20	does medicare cover hospice
1110199-9	which bluetooth headphones can only play wirelessly
87181-20	causes of enlargement of heart
1117099-10	which type of plate boundary is associated with volcanic activity on earth?
264014-145	do fleas hatch quickly in dogs
1063750-19	why did the germans attempt to get mexico to join the war
168216-74	what kind of disease is legionnaires disease
1114819-81	what is medicare a b cpap payment
1110199-5	bluetooth vs wireless
451602-86	what is the mask on a cpap machine called
1124210-0	are rhynia vascular
1117099-36	where is the destructive boundary located in the plate boundary
1117099-73	what is active lithosphere
527433-15	dysarthria symptoms
451602-35	when are lung ventilators used
1133167-6	what is the average rainfall for jamaica
264014-122	how long does it take for bird eggs to hatch
915593-32	what temp do you cook pork chops
1117099-11	convergent plate boundary definition
1114819-163	aetna dcs
168216-102	is legionnaires' disease life threatening?
1133167-113	what is the geography of jamaica
1114819-94	who pays for diabetes test strips
264014-8	can fleas be killed in your home
1124210-52	what is the purpose of the sclerenchyma
1124210-100	what is the structure and function of a xylem
1106007-39	why are swear words used for emotion
183378-115	cistron definition
183378-100	what is a splice?
104861-47	concrete floor cost per sq ft
1114819-68	what is medicare b cost
1106007-37	what is a visceral
915593-48	what temperature should you bake a monkfish
833860-12	what to eat in switzerland
1063750-23	what was a reason why the us got involved in the war
1124210-95	what makes up the xylem?
264014-95	how long can fleas live on a cat
1124210-36	do xylem cells have chloroplasts
156493-58	how long does comet go in a tank
490595-20	what is rsa encryption used for
1133167-177	what is the weather like in jamaica in december
1133167-176	average humidity jamaica december
1114819-126	is the tricare benefit part b?
168216-109	what is legionnaires' disease
359349-3	what is the median of a trapezoid?
915593-56	how long does it take to sous vide chicken
573724-1	what is social determinants
1133167-110	weather jamaica
1063750-151	why did us enter the war
168216-138	what is atypical pneumonia
1124210-7	what is tracheid
131843-5	what is sigmet in flight
1129237-9	what is standard hydrogen temperature
183378-104	what part of the human genome is a protein?
1124210-68	vessel element definition
1114819-48	what is home health care medicare payment
1106007-15	what is the viscera
156493-92	how big should a goldfish get
156493-93	how fast will goldfish grow in aquarium
833860-8	what foods do germans eat
183378-122	which segment of the dna that controls how a protein is produced is called a gene
47923-37	define synapse
1106007-22	what organs are found in the abdomen
833860-5	what is the alp region of switzerland
1114819-156	what is adme pneumatic compression device used for
489204-21	causes of pain in abdomen
1133167-136	what's the temperature in jamaica
1063750-69	when did the us start wwi
104861-50	cost to refinish concrete floors
183378-53	what is the difference between a exon and intron
1114819-8	define diversified medical products
1114819-75	what is the difference between medicare and medicare dme
1063750-22	what was the purpose of the declaration of war?
451602-59	what does mechanical ventilation help the patient breathe
183378-51	which is an intron in the cell quizlet?
443396-24	what does the baker act mean in mental health
1113437-8	difference between fir and fir branches
104861-17	average cost to finish concrete floors
451602-23	what is intubated means
87181-29	why is lvhc hereditary
1114646-3	what is famciclovir used for
264014-144	how long after hatching can chicken eggs hatch
264014-3	what is the life cycle of fleas
1124210-67	what is one tissue that carries water from the roots upward to the plants
148538-2	what is the difference between bsn and rn
104861-94	how much does concrete flooring cost per square foot
168216-115	lfd causes
1114819-50	define durable medical device
1063750-65	when did the united states enter ww1
183378-82	which genetic information can be carried by an exon?
451602-94	which osa medication helps sleep better
104861-59	average cost for polished concrete floors
962179-4	when did the salvation army come into existence
264014-112	how long can a puppy live with fleas in their home
527433-16	what is dysarthria and its causes and treatment
168216-3	what antibiotics are used to treat pneumonia
168216-47	what is legionella
1114819-195	what kind of equipment is considered durable medical equipment
1113437-11	what is spruces
1106007-9	visceral define
168216-195	is legionellosis pneumophila strep positive or negative
47923-14	structure of a neuron
1133167-5	what's the weather in jamaica in may
1133167-19	weather in jamaica in early december
1114819-85	do blood sugar meters work with medicare
833860-13	what is the food in switzerland
1063750-134	why did wilson declare war with germany
443396-12	who is covered by the baker act
1133167-31	average weather jamaica in august
264014-54	how long after flea eggs lays eggs
443396-26	how long does it take for the baker act to end
1112341-25	where do you exchange baht notes
915593-57	how long does sous vide steak take
1133167-187	what is jamaica's weather like
1114646-0	what is generic for famvir
1115776-0	who are compliance analyst
527433-14	what causes speech slurred
451602-31	what is a tracheostomy
47923-3	which part of the neuron conducts action potentials away from the cell body?
833860-33	what is the food in switzerland called
1133167-197	weather in mongo bay jamaica in july
156493-5	how big do the shubunkin goldfish grow
1124210-82	what is the differences between xylem and phloem
87452-5	ptsd death rates
146187-2	what is the difference between double burger and mcdouble
156493-74	what type of pond do goldfish need to grow in
1124210-18	which nutrient is found in the xylem
1117099-28	what type of boundary is a convex?
183378-135	what is the difference between mrna and dna
1121709-0	which right did the 3 percenters violate
1112341-60	what is thailand's flag
1124210-20	what type of tissue is found in the xylem?
264014-31	what are the stages of flea life cycle
130510-12	declaration court definition
104861-105	concrete floor price per yard
104861-91	cost of floor replacement per square foot
1117099-43	what type of boundary is formed when two continental plate boundaries collide?
1133167-140	weather in jamaica in november
1124210-11	difference between the vessels and tracheids
104861-3	cost for concrete floors versus staining
168216-86	where can ld be found
1112341-114	what is the meaning of sanuk
1063750-55	when did germany declare war on us
104861-107	cost to polish concrete floor
183378-131	what is the purpose of introns in dna
1114646-2	what is famclovir for
443396-42	what is the baker act?
264014-102	what is the life cycle of a flea
168216-2	what is legionnaires disease caused from
168216-23	what antibiotics for pneumonia
1114819-162	does medicare pay for a walk-in tub
168216-79	how does leonardnaires disease spread
490595-16	what is rsa security
1112341-47	what language do they speak in thailand
1114819-34	durable medical equipment
1114819-178	what is the role of a hospice nurse
183378-154	what is the name given to the coding sequences of genes that comprise dna
1124210-50	what are vessel elements called
130510-13	define declaratory judgment
443396-25	which state is the baker act based on
1110199-0	can a bohm soundblock play music wirelessly
168216-11	which disease is caused by pneumonia
1063750-79	which was one of the major factors that influenced the american war on germany?
1114819-0	what is dmepos medical
1133167-11	what was the effect of hurricane sandy on jamaica
1129237-4	what is the chemical formula for sodium
1133167-201	what is the average water temperature in jamaica?
1114819-60	what is dme for medical devices
1117099-74	what is the active continental margins
1110199-21	how fast is wifi direct
451602-27	what is the role of mechanical ventilation
1063750-8	who is woodrow wilson
183378-22	what is dystrophin gene
156493-3	how big does a shubunkin go
1106007-38	what does gut mean
1113437-4	what type of trees have pine cones
1133167-47	when does hurricane hit jamaica
1114819-14	what is the definition of durable medical equipment?
1121402-11	why use contour plowing
87181-22	why does the left ventricle enlarge when your blood pressure increases?
148538-14	what is the difference between a bsn and rn
1117099-18	convergent plates definition
1133167-141	what's the weather in montego bay?
359349-5	what is the mid section of a trapezoid
1117099-15	convergent plate boundaries definition
1133167-188	weather in montego bay
1133167-10	average temperature in jamaica
1063750-47	why did the united states enter the war
1112341-62	what is muay thai
47923-5	which part of the neuron receives an axon
168216-104	what is the difference between the bacterial pneumonia caused by legionella and streptococcus pneumoniae
1133167-213	what island did hurricane sandy hit
1117099-31	is continental margin very active
183378-30	gene definition genetics
1063750-148	how many ships were sunk by the zimmerman telegram?
168216-41	causes of bacterial pneumonia
573724-12	what is the most determinant of health in the u.s.? a. genetics b. behavioral science c. environmental science d. health science d. anthropology d. genetics d. health science
156493-106	what kind of fish is a carpe
1063750-102	how many zimmermen did the us get from the usa
264014-93	how long can fleas live inside your house
264014-109	cat flea life cycle
264014-99	how long does fleas stay in cocoon
573724-11	which of the following are the determinants of health
915593-4	what is the definition of sous vide eggs
264014-134	can fleas survive without food
1124210-15	what type of tissue is xylem
1063750-131	why did unrestricted submarine use become a problem in world war one
405717-0	which airport is nearest paris
489204-11	causes of right lower lower abdominal pain
168216-5	symptoms of legionnaires s disease
183378-151	which of the following is the name given to the reaction that removes unnecessary segments of the primary rna transcript, which produces mrna?
182539-7	define monotonic and symbol
264014-88	how long do flea eggs take to hatch
1124210-16	difference between seedless and seedless vascular plants
1133167-131	what's the weather in ocho rios jamaica
490595-8	what is rsa algorithm
156493-43	do goldfish grow to the size of their tank
1133167-84	what is the weather in jamaica in november
104861-85	concrete floor staining cost
1117099-68	which boundary is caused mainly by earthquakes
156493-52	what makes goldfish die
168216-65	symptoms of legionnaire's disease
915593-5	what temp should you hard boil egg salad
264014-104	how many eggs does a flea lay
1124210-74	what is the function of vessels in xylem cell
1133167-206	which is the temperate climate in jamaica
1103812-2	what is the cis
1114646-1	what is the name of the medicine to cure herpes
87181-14	what is hypertrophy of the left heart
264014-71	how long do fly bites live
1124210-112	which is a type of vascular tissue found in terrestrial plants
183378-35	where is dna found in a gene
1124210-6	what tissue helps transport water dissolved minerals to the root system
1113437-16	what is the difference between a spruce and a fir tree
1133167-204	what is the weather for jamaica?
443396-47	how many hours in the lps
104861-31	cost of concrete flooring
451602-97	what is the ventilator
87452-1	how many people die a year in the us from suicide
1063750-94	why did the u.s enter ww1
168216-95	where is legionella in healthcare
168216-130	causes of pneumonia from legionella
1063750-74	what was unrestricted submarine warfare
1063750-162	why did the us enter world war i first
1063750-164	what president was responsible for the beginning of world war i
962179-6	when was salvation army established
489204-13	causes of lower abdominal pain and pain in lower quadrant
87181-12	why would a left heart cause an enlarged chest
490595-0	what does the word rsa mean?
1106007-23	visceral definition psychology
264014-81	how long do flea eggs stay dormant
915593-33	how long do i cook pork chops
183378-89	what is produced during transcription of a gene
1117099-23	definition of convergent boundaries
1114819-193	what is the purpose for durable medical equipment
1133167-210	what is the weather in ocho rios jamaica in may
183378-24	what do rrna exons produce
1114819-36	what is the medically necessary medical equipment
1114819-188	what is dme insurance for
1124210-103	which plant has narrow vessels
156493-8	how long does it take to harvest goldfish
168216-88	diseases that cause atypical pneumonia
