23849-0	who is a naturalized child
23849-1	what are vital documents i need
23849-2	when was elimination of naturalization
23849-3	what county is steubenville, oh in?
23849-4	how to request a certificate of naturalization
23849-5	what is naturalization certificates
23849-6	why is the certificate of us citizenship issued
23849-7	how to request copies of naturalization papers
23849-8	when do you get certificate of naturalization u.s.
23849-9	why not request a copy of a certificate of citizenship
23849-10	us naturalization application guide
23849-11	what to search for in the naturalization and petition of record books?
23849-12	who issues certified us naturalization card
23849-13	where do i find the certificate number on my citizenship certificate
23849-14	what documents do you need for citizenship
23849-15	when do you get your citizenship
23849-16	what nationality is haitian
23849-17	what court records do you have to get naturalization
23849-18	what is the process of becoming an american citizen?
23849-19	how to resample your certificate for citizenship
23849-20	how to obtain last name
23849-21	what is the legal name required to be added to the california vital records
23849-22	how to get a copy of a certificate of naturalization
23849-23	how does naturalization work?
23849-24	which county is madison ga in
23849-25	where to buy vital records in usa
23849-26	where does the last name marsden come from
23849-27	who can request a copy of their certificate of naturalization
23849-28	how can we get a copy of our naturalization certificate
23849-29	when do people have naturalization
23849-30	what is the naturalization process
23849-31	how do you do the background check for naturalization
23849-32	who needs the nn-550 to naturalize a child
23849-33	what is the certificate ssr and certificate of naturalization
23849-34	when was the ins created
23849-35	how long does it take to get your citizenship
23849-36	when does naturalization take effect
23849-37	what is a certified naturalization number
23849-38	when did the us get a naturalization certificate
23849-39	when was naturalized
23849-40	who was the original district court of louisiana for
23849-41	where can i find naturalization records in delaware
23849-42	how to obtain n.o.d. certificate of naturalization
23849-43	where can i find out my ancestors' names and dates
23849-44	how to check your naturalization status
23849-45	what to do after becoming naturalized
42255-0	how much does a dental hygienist earn in nebraska
42255-1	how much do sophisticists make in nebraska
42255-2	average salary for certified dental hygienist in nebraska
42255-3	how much do dental hygienist make in omaha nebraska
42255-4	what is the starting salary of a dental hygienist in nebraska
42255-5	how much money do dental hygienists
47210-0	how much to rent a dress at wedding
47210-1	average cost of wedding dress
47210-2	price of dress alterations
47210-3	lace up a skirt cost
47210-4	what is the average cost of a wedding dress?
47210-5	how much does it cost to have a dress altered
47210-6	what does it cost to reshape a dress
47210-7	what is the cost to alterations a dress
47210-8	how much does it cost to get a wedding dress altered
47210-9	how much does the average wedding dress alteration cost
47210-10	average cost of alteration wedding dress
47210-11	how much should a dress change cost
47210-12	how much does alterations cost at wedding
47210-13	price change in wedding dresses
47210-14	how much does it cost to alter the bottom of a gown
47210-15	how much do dress alterations cost
47210-16	how much are alterations of clothes at bridal salon
47210-17	cost of alteration for dresses
47210-18	typical bottom of wedding gown cost
47210-19	cost of alterations
47210-20	what is the cost of a bodice or dress alterations
47210-21	how much does the hem change cost
47210-22	how much does it cost to change the dress?
47210-23	cost of alterations for dresses
47210-24	average cost of alterations for bridal gowns
47210-25	how much do wedding dresses cost
47210-26	how much is it to change a wedding dress
47210-27	how much does it cost to hem your wedding dress
47210-28	average cost of wedding dress alterations
67316-0	does pregnantness always run a fever
67316-1	why do you take acetaminophen while pregnant
67316-2	how hot is a sauna when pregnant
67316-3	can fevers cause miscarriage
67316-4	can pregnancy raise fever
67316-5	can a fever be sparked while pregnant
67316-6	why do pregnant women have fever when pregnant
67316-7	how to prevent thrush in pregnancy
67316-8	average temperature in ft during pregnancy
67316-9	does a fever affect pregnancy
67316-10	effects of hot bath on babies
67316-11	causes for temperature change in early pregnancy
67316-12	what is high body temperature during pregnancy
67316-13	how do you control a fever on baby
67316-14	can fever be contracted during pregnancy
67316-15	what temperature to use a hot tub while pregnant
67316-16	high fever causes
67316-17	average body temperature of a women in the first trimester
67316-18	what does it mean when your body temperature is low in pregnancy
67316-19	how long should you take hot baths while pregnant
67316-20	what temperature should you use a sauna while pregnant?
67316-21	how long does it take to heal from fever during pregnancy
67316-22	causes of losing pregnant period
118440-0	can stem stem cells be used to treat cancer
118440-1	what is bone marrow
118440-2	when is graft failure detected
118440-3	types of stem cells transplantation
118440-4	what is a bone marrow transplant
118440-5	when were bone marrow transplants started
118440-6	what diseases can stem cells cure
118440-7	can stem cells cause leukemia
118440-8	what is a bone transplant
118440-9	what is stem cell infusion
118440-10	what is bmt
118440-11	what stem cell for cancer
118440-12	where does bones marrow come from
118440-13	what is the treatment for aplastic anemia
118440-14	what is the site of transplantation for stem cells
118440-15	what is marrow in blood
118440-16	what is the function of stem cells
118440-17	what is the use of bone marrow for treating leukemia?
118440-18	what is stem cell therapy vs surgery
118440-19	which type of marrow is affected by stem cells
118440-20	what is a cord blood transplant
118440-21	what is bone marrow used for
118440-22	what is a pbsct procedure
118440-23	how does a bone marrow transplant work
118440-24	when will stem cells produce new blood cells
118440-25	where does stem cell come from
118440-26	why stem cell transplants were more important
118440-27	what is bone marrow transplant
118440-28	what is the outcome of a bone marrow transplant?
118440-29	does a cord blood transplant work
118440-30	do cancer patients benefit from radiation and chemotherapy
118440-31	what is hsct for bone marrow transplant
118440-32	what is meant by cell transplant
118440-33	what is peripheral stem cells used for
118440-34	where is human stem cells usually found
118440-35	what is a stem cell transplant
118440-36	what is the process in which stem cells are removed from the blood in a transplant?
118440-37	what is stem cell transplant
118440-38	when do stem cells get transplant
118440-39	what is the stem cell transplant procedure for cancer
118440-40	what is stem cell transplants
118440-41	what is marrow stem cell transplant
118440-42	stem cell transplant what is
118440-43	what kind of cells are used for stem cell transplants
118440-44	which type of stem cells is usually found in the umbilical cord
118440-45	what is the purpose of stem cell transplantation
118440-46	where do cells come from
118440-47	where are stem cells transplanted from
118440-48	what is stem cell transplantation
118440-49	what is the purpose of a stem cell transplant
118440-50	how does radiation damage a cancer cell
118440-51	what types of blood transplantation is there
118440-52	what is the function of marrow in humans
118440-53	what is bone marrow made up of
118440-54	what is stem cell therapy for leukemia
118440-55	what is stem cell therapy
118440-56	bmb transplant what is it?
118440-57	what is the procedure for a bone marrow transplant
118440-58	how many days until bmt transplant
118440-59	what type of cancer stem cells can cure
118440-60	does a person need a bone marrow donation
118440-61	what is bone marrow donation
118440-62	where can stem cells be used in stem cells therapy
118440-63	what is cbr transplant
118440-64	what is marrow transplant
118440-65	bone marrow transplant side effects
118440-66	how long does it take for stem cells to grow
118440-67	how is stem cell therapy used
118440-68	when is the first bone marrow transplant
118440-69	what organ does a stem cell transplant work in
118440-70	can you have a bone marrow transplant
118440-71	does bone marrow transplant work
118440-72	does yellow marrow contain stem cells
118440-73	can std be treated with a bone marrow transplant
118440-74	where do stem cells come from
118440-75	what are stem cells and where do they come from
118440-76	who do autologous bone marrow transplants come from
118440-77	types of stem cell transplant
118440-78	stem cells for cancer
118440-79	what type of stem cell is used in bone-marrow transplants
118440-80	which type of radiation kills all cancer cells
118440-81	what kind of cells are located in bone marrow?
118440-82	why is it called a stem cell transplant
118440-83	how are stem cells transplanted for treatment
118440-84	where do you find blood stem cells from
118440-85	what does stem cells grow from
118440-86	what kind of drugs are used to treat bone marrow disease
118440-87	what is the name of the medical term for stem cells
118440-88	why does stem cell transplant work
118440-89	when were stem cells used in medical research
118440-90	when stem cells are used in transplantation
118440-91	what is hematopoietic stem cell transplantation
118440-92	why are stem cells used for cancer
118440-93	bone marrow transplant definition
118440-94	what is the bone marrow
118440-95	what is the main function of a bone marrow transplant
118440-96	where are stem cells collected for a transplant
118440-97	what are cells called in the marrow for blood cancer
121171-0	who is aita in greek
121171-1	what is the name of aita
121171-2	what is an example of an etruscan name?
121171-3	how did italian cuisine evolve
121171-4	what are the different kinds of foods in italian
121171-5	what was the origin of the wishbone
121171-6	who was the last emperor of etruscan empire
121171-7	when did romans build tombs
121171-8	why is pisa the most famous city in the world
121171-9	where did the city of pisa originate
121171-10	when were the celtics and romans
121171-11	where did the etruscans originally live?
121171-12	why did the etruscan civilization flourish
121171-13	what was the etruscan era
121171-14	who were the roman etruscans?
121171-15	what were the etruscans
121171-16	which is a true meaning of etruscans events
121171-17	what is the language used in the etruscar empire?
121171-18	where did the first etruscan civilization come from
121171-19	what was the villanovan culture
121171-20	are etruscan tombs evidence of trade
121171-21	where did the etruscans build their city of rome?
121171-22	when did rome become a republic
121171-23	how did the italian civilization influence roman culture
121171-24	where were the etruscans from
121171-25	what is a fasces
121171-26	where did the etruscan fasces originate
121171-27	what symbolism did romans have
121171-28	what is the oldest book
121171-29	what was the ancient etruscan city known for
121171-30	when did the etruscans take control of rome
121171-31	where is cotona?
121171-32	where is orvieto italy
121171-33	when did pompeii get its name
121171-34	how did the celts conquer rome
121171-35	where were the etruscan port sites in adria
121171-36	where is the vulcan temple
121171-37	what were the influences of the etruscans
121171-38	what was the etruscan culture
121171-39	what were the name of etruscan empire
121171-40	when did the etruscan civilization develop
121171-41	where did the etruscan civilization occur
121171-42	where is an etruscans culture
121171-43	where did etruscans come from
121171-44	where is lazio located
121171-45	when did latin alphabet begin
121171-46	where does italian cuisine originated from
121171-47	where is tascia
121171-48	what was etruscan buildings and their function
121171-49	how many letters are in the latin alphabet
121171-50	when did romans speak language
121171-51	who are etruscan tribes
121171-52	who were the etruscan civilization?
121171-53	who is the etruscan artist?
121171-54	what type of architecture does etruscan art have
121171-55	where roman numerals were originally used
121171-56	when were roman republics formed
121171-57	what type of burial is buried under a trench?
121171-58	what is the etruscan architecture era
121171-59	when was the etruscans first found in italy
121171-60	what is fasces
121171-61	where did the etruscans live
121171-62	what culture did the etruscans live with
121171-63	what was the tomb of the lionesses?
121171-64	where is the tomb of the bulls located?weegy
121171-65	what was the fate of the etruscans
121171-66	where is pasta in italy
121171-67	where did the etruscans live and trade?
121171-68	where did the etruscans originate
135802-0	what is laudable
135802-1	which of the following is a synonym of laudable
135802-2	how to make a parent take financial responsibility
135802-3	laudable definition
135802-4	laudable define
135802-5	was drunk driving laudable
135802-6	what is laudable mean
135802-7	which is laudable goal
135802-8	laudable meaning
141630-0	what is the relationship between your muscles and your skeletal system
141630-1	which of these muscles produces movement
141630-2	why do muscles and ligaments work together
141630-3	what is the muscle job in movement
141630-4	where are the muscles in the body
141630-5	how does the nervous system communicate with the skeletal muscle
141630-6	why is movement necessary
141630-7	which is a characteristic of the skeletal system?
141630-8	what system is the brain part in
141630-9	how do tendons and muscles work together
141630-10	which part of the muscle system is associated with sitting up straight
141630-11	what is muscle and skeletal
141630-12	what is the work of muscles in the joint
156498-0	how do you save your changes to google docs? quizlet
156498-1	what is google documents
156498-2	do google docs save updates
156498-3	how do you save google docs updates
156498-4	can a paper be saved as a.pdf file?
156498-5	how do i see changes on google files
156498-6	how to put together a resume in google docs
169208-0	what is the ms income tax rate?
169208-1	what is the marginal rate for income taxes mississippi
169208-2	what is the income tax rate in mississippi
169208-3	does the spouse pay taxes in mississippi
169208-4	age of retirement in mississippi
169208-5	which state is required to pay state taxes
169208-6	what is corporate income tax in mississippi
169208-7	what is the state income tax rate for mississippi
169208-8	what is the state of mississippi tax rate
169208-9	are taxpayers resident of another state
169208-10	are mississippi taxes taxable for nonresidents
169208-11	how much income do i need on taxes at 65 in mississippi
174463-0	what is sirius
174463-1	when is dog days
174463-2	what is the dog days
174463-3	who said dogs are hot in summer
174463-4	how hot are dog days
174463-5	dog nights of summer
174463-6	what are the hottest and humid days of summer
174463-7	why is sirius called the dog star
174463-8	who is sirius
174463-9	what star is a puppy
174463-10	when is the dog days
174463-11	what is dog days
174463-12	what is the name of the dog star of summer
174463-13	what is the july weather
174463-14	when are dog days summer
174463-15	why is sirius summer
174463-16	what month does sirius appear
174463-17	when is dog days in the u.s
174463-18	what day is summer in rome
174463-19	what month is sirius
174463-20	where is dog days?
174463-21	when are the dog days of summer
174463-22	what is the dog days?
174463-23	dog day definition
174463-24	when is dog days and what month
174463-25	where do the dog days begin in the stars
174463-26	what is dog days?
174463-27	why is the dog star a hot star
174463-28	what was the greeks name for dog
174463-29	what is the weather for in july
174463-30	when are dog days
174463-31	why is a dog days of summer called dog days of summer
174463-32	dog days meaning
174463-33	when the weather is the hottest in the world
174463-34	dog days definition
174463-35	what's the meaning of dog days
174463-36	when are dog days of summer
174463-37	what was the dog days
174463-38	what is the dog days of summer
174463-39	hottest days of summer in ancient times
174463-40	what are dog days
174463-41	what is dog day
174463-42	dog days of summer meaning
174463-43	what is a dog days
174463-44	what does it mean to dog days
174463-45	what is the hottest month in the year
174463-46	when is the dog star
174463-47	what's the definition of dog days
174463-48	what's the definition of the word dog days
174463-49	what is the dog day
174463-50	what is the dog star
174463-51	how long do dogs live for humans
174463-52	what is the constellation of sirius called today?
174463-53	sultry period definition
174463-54	what is the dog day?
174463-55	what time do dog days begin
174463-56	which constellation is the star that shines
174463-57	what's hot in the afternoons
174463-58	when is a hot dog's day
174463-59	what is dog days of summer
174463-60	when in summer do dogs come out?
174463-61	what are dogs days
258062-0	how long does it take to get wisdom teeth removed
258062-1	how long does it take for a wisdom tooth to heal
258062-2	how long for wisdom teeth to heal
258062-3	can your dentist drain a tooth infection
258062-4	how long does it take wisdom teeth to come in
258062-5	how long do tooth extractions usually take
258062-6	wisdom tooth removal recovery time
258062-7	what to do after a tooth extraction
258062-8	how much time does it take for a tooth extraction
258062-9	how long does tooth extraction last
258062-10	average time to remove a tooth
258062-11	how long to wait to have your teeth pulled
258062-12	what happens after wisdom teeth are removed
258062-13	can you have your wisdom teeth removed and still have a tooth pulled
258062-14	how long does it take to get a wisdom tooth
258062-15	how long it takes to get wisdom teeth pulled at dentist
258062-16	how long does it take for a wisdom tooth to be pulled
258062-17	how long does it take for a wisdom teeth to get removed
258062-18	how long does it take for wisdom teeth to work
258062-19	how long does it take to heal wisdom teeth
258062-20	what is the usual time to take out your tooth
258062-21	how long does it take for a wisdom tooth to be extracted
258062-22	how long does a wisdom tooth extraction take
258062-23	how long does it take to get your wisdom teeth pulled
258062-24	how long does it take to be completely healed after wisdom tooth removal
258062-25	average pain for wisdom tooth removal
324585-0	how much does a keynote speaker cost per person
324585-1	how much do keynote speakers cost
324585-2	how much do pro speak speakers charge
324585-3	cost motivational speakers
324585-4	how much do motivational speakers make?
324585-5	how much do a motivational speaker get paid
324585-6	cost of keynote speaker
324585-7	how much does a keynote speaker cost
324585-8	price of motivational speakers
324585-9	cost for motivational speakers
324585-10	typical cost for speaker
330975-0	how much does a turbine cost to install
330975-1	how much do wind turbines cost
330975-2	how much should a generator cost
330975-3	how much does it cost to run generator
330975-4	how much does it cost to have a generator install
330975-5	average cost of a wind turbine
330975-6	how much does it cost to build a wind turbine
330975-7	how much does it cost to build a wind turbine?
330975-8	how much does it cost for a wind turbine installation
330975-9	average cost per kw wind turbine installed
330975-10	how much does it cost to install a wind turbine in arizona
330975-11	average cost of installing a wind turbine
330975-12	estimated cost of a wind turbine
330975-13	average cost of wind turbine
330975-14	average cost of commercial wind turbine
330975-15	cost of wind turbine and installation
330975-16	cost to install wind turbine
330975-17	what is the cost of a new windmill
330975-18	cost per kw of power installed
330975-19	cost per kwh to install wind turbine
330975-20	cost to build a small windmill
330975-21	cost installed a wind turbine
330975-22	average price of installing a wind turbine
330975-23	cost of a wind turbine
330975-24	how much does it cost to run a wind turbine
330975-25	cost of wind energy
330975-26	cost of a klowatt turbine
330975-27	how much does the average windmill cost to put in
330975-28	cost to run off grid windmills
330975-29	costs to have windmills
330975-30	how much does a windmill cost?
330975-31	average cost of a roof mounted wind energy turbine
330975-32	how much does a wind turbine cost to run
330975-33	how much do a wind turbine cost
330975-34	what is the average maintenance cost for a wind turbine
330975-35	cost of small wind turbines
330975-36	cost of a generator
330975-37	cost of wind turbine
330975-38	turbine cost kwh
330975-39	how much does the average wind power cost
330975-40	how much is a small powerwall system
332593-0	how to keep quail away from eggs
332593-1	how many eggs can an average hen lay
332593-2	how many eggs do quail lay
332593-3	what's a quail eggs weigh?
332593-4	how long after hatching do chicks lay
332593-5	how long it will take for quail to hatch
332593-6	how many egg laying hens
332593-7	when to breed quail eggs
332593-8	when does quail lay eggs
332593-9	how many eggs do quail lay a day
332593-10	how long before quail reproduce
332593-11	how long can a quail sit on her eggs
332593-12	a quail does how many eggs can it lays
332593-13	how long after moving will your quail lay eggs
332593-14	how soon do hatching quail eggs need to take place
332593-15	how long does it take quail to lay eggs
332593-16	how long does it take for quail eggs to lay
332593-17	how long does it take a button quail to lay eggs
332593-18	how early can quail lay eggs
332593-19	how long for quail to lay eggs
332593-20	how many eggs can quail lay a year
332593-21	why do button quail lay eggs
332593-22	what type of quail is good for eggs
332593-23	what is the smallest bird to lay eggs
332593-24	when do quail lay eggs
332593-25	when do quail eggs hatch
332593-26	how many eggs do hens lay every week
336901-0	how liam neeson died
336901-1	who is virgina redgrave's mother
336901-2	how old was vanessa redgrave when she died
390360-0	what is sleeplessness
390360-1	what is a suffix in medical terms
390360-2	is ii latin
390360-3	what is ia suffix mean
390360-4	what is the suffix ia
390360-5	sleep disorders
390360-6	what's a suffix
390360-7	what is dysgraphia
390360-8	ia definition etymology
390360-9	what kind of suffix is ia
390360-10	define ia
390360-11	another word for anoxia
390360-12	suffix meaning
390360-13	suffix suffix for the word ia
405163-0	how long is firoricet detectable on test
405163-1	what is the trade name of fortabs
405163-2	is aspirin a narcotic
405163-3	is acl an opiate
405163-4	what is fibrinal medication used for
405163-5	is bactrim a paracetamol
405163-6	what is butalbital and its uses
405163-7	can you drink coffee while on aspirin
405163-8	what's the difference between butalbital and acetaminophen?
405163-9	meds to stop tension headaches
405163-10	can aspirin cause headaches
405163-11	what kind of medicine to take for a headache
405163-12	what is fioricet
405163-13	what medicine is used for migraines?
405163-14	what is butalbital prescribed for
405163-15	does acetaminophen help migraines
405163-16	does codeine make you feel shaky
405163-17	is butalbital acetaminophen caffeine
405163-18	what is the medicine dihydrocodeine used for
405163-19	examples of barbiturates
405163-20	does caffeine help muscle pain
405163-21	what is fioricet prescribed for?
405163-22	what is fioricet ds used for
405163-23	butalbital addiction symptoms
405163-24	is phenobarbital caffeine
405163-25	what is the active ingredient in fioricet
405163-26	caffeine side effects
405163-27	can acetaminophen cause a caffeine reaction
405163-28	side effects of butalbital
405163-29	is butalbital caffeine
405163-30	side effects for butalbital acetaminophen caffeine
405163-31	what type of medication is tyramine
405163-32	does fioricet have percocet
405163-33	can i use butalbital and acetaminophen together?
405163-34	what is the difference between butalbital and fioricet
405163-35	what is butalbital
405163-36	what kind of headache is fioricet
405163-37	does aspirin cause bleeding in women?
405163-38	what is similar to aspirin acetaminophen caffeine
405163-39	which med is used for severe fever
405163-40	what is the medication for cluster headache
405163-41	what to take for headache headaches in the afternoon
405163-42	which medication is in a capsule form
405163-43	can you take butalbital with caffeine
405163-44	what medicine to take for aspirin
405163-45	what is fiorinal codeine used for
405163-46	caffeine & aspirin adverse effects
405163-47	does fiorinal use caffeine
405163-48	what is the difference between fiorinal and aspirin
405163-49	is butalbidiol fda approved for use
405163-50	can butalbital relieve headaches
405163-51	what is butalbital used to treat
405163-52	does fioricet contain a lot of oxycontin
405163-53	what is fioricet for
405163-54	what is the drug butalbital used for
405163-55	what is fioricet generic for
405163-56	what is the difference between fioricet and vicodin
405163-57	what is fioricet and tylenol
405163-58	can you take vicodin with fioricet
405163-59	what is the difference between a fiorinal and a fiorina
405163-60	is acetaminophen the same as butalbital
405163-61	is fioricet a steroid
405163-62	what is fioricet used for
405163-63	is fioricet a pain reliever
405163-64	does fioricet help migraines
405163-65	is phrenilin analgesic
405163-66	another name of butalbital
405163-67	what is for migraine relief
405163-68	what is the generic name for ezebutal?
405163-69	is butalbital acai?
405163-70	benefits of caffeine
405163-71	what is the brand name of propoxyphene
405163-72	what is darvon compound
405163-73	can caffeine cause a headache?
405163-74	what is the difference between ibuprofen and acetaminophen
405163-75	what is butalbital acetaminophen caffeine
405163-76	what kind of medicine is butalbital used for
405163-77	does butalbital cause pain
405163-78	different names for butalbital medications
405163-79	what is the classification of butalbital
405163-80	what is butalbital for?
405163-81	what is the difference between fioricet and codine
405163-82	acetaminophen what is the generic of fioricet?
405163-83	what type of pill is fioricet
405163-84	what is the trade name for bupap?
405163-85	what medication is esgic for
405163-86	what is the prescription name for escaic
405163-87	does escic contain caffeine
405163-88	withdrawal symptoms of butalbital
405163-89	which medicine is best for a headache
405163-90	generic for fenormil
405163-91	is butalbital a narcotic
405163-92	does it help to take a lot of caffeinated acetaminophen tablets before stopping them
405163-93	what is bupap
405163-94	what is the difference between butalbital and acetaminophen
405163-95	what type of drug is alagetic
405163-96	what to take for a headache and it is a headache
405163-97	what is the brand i take for phrenilin
555530-0	what kind of fiber is in beans
555530-1	what food has fiber
555530-2	why is it beneficial to eat lots of fiber
555530-3	does fiber strengthen stools
555530-4	what are the fibers in beans and peas
555530-5	what will help with loose stools
555530-6	what is the purpose of fiber
555530-7	what kind of food is fiber
555530-8	what is soluble fiber
555530-9	where do i find fiber
555530-10	what foods help lower cholesterol
555530-11	what foods contain fat that lowers cholesterol
555530-12	foods to lower cholesterol
555530-13	what is the main source of fiber
555530-14	which type of fiber is found in apples
555530-15	where is insoluble fiber located
555530-16	what type of fiber is found in peas
555530-17	which food is good for healthy cholesterol
555530-18	is fiber water or soluble
555530-19	what foods dissolve in water
555530-20	what kind of fiber for digestion
555530-21	what to eat and drink to help with constipation
555530-22	what kind of fibre can you get
555530-23	what helps to lower your cholesterol levels
555530-24	foods that have soluble fiber
555530-25	what kinds fiber are there
555530-26	what can i eat with fiber
555530-27	does walnut oil lower cholesterol
555530-28	what is the purpose of soluble and insoluble dietary fiber
555530-29	what food has fiber in it
555530-30	what foods help lower blood sugar levels
555530-31	which food has most fiber
555530-32	which kind of fiber is insoluble fiber
555530-33	what food can i eat to lower my cholesterol
555530-34	how much fiber does a diet consist of
555530-35	what is insoluble fiber
555530-36	what is healthy fats for your cholesterol
555530-37	which foods contain lots of fiber
555530-38	foods for lowering cholestrol
555530-39	what is the difference between soluble and insoluble fiber
555530-40	which of the following foods reduces the cholesterol
555530-41	what foods contain insoluble fiber
555530-42	what is the best dietary food for lowering cholesterol
555530-43	what is the difference between dietary fiber and soluble fiber
555530-44	which foods contain fiber
555530-45	what food to eat to lower cholesterol
555530-46	what can be eaten in uk for low dietary cholesterol
555530-47	foods that are bad for cholesterol
555530-48	what are some benefits of fiber
555530-49	why is fiber important in digestion
555530-50	what types of fiber to eat
555530-51	what type of fiber is insoluble
555530-52	what is the source of insoluble fiber in food
555530-53	what is the difference in fiber and sugar
555530-54	what is soluble fiber found in
555530-55	where is fiber found in the body
555530-56	what to eat to reduce cholesterol
555530-57	what foods provide soluble fiber
555530-58	foods that help lower cholesterol
555530-59	what food contain soluble fiber
555530-60	what foods help lower blood sugar
555530-61	what is insoluble fiber in food
555530-62	which foods lower cholesterol
555530-63	foods that lower cholesterol naturally
555530-64	foods that are low in cholesterol
555530-65	foods that contain fiber
555530-66	why is fiber a good source of protein and fat
555530-67	what kind of fiber is best for blood sugar
555530-68	what foods contain dietary fiber
555530-69	what fibers are found in peas
555530-70	what type of fiber for heart
555530-71	what type of foods are good for cholesterol
555530-72	what fiber to eat to lower cholesterol
555530-73	what is the best source of fiber
555530-74	what type of fiber is in oats
555530-75	what is the best source of fiber for cholesterol
555530-76	what can i eat to help me reduce my cholesterol
555530-77	which fiber to eat to lower cholesterol
555530-78	foods that lower cholesterol
555530-79	is nut fat a good cholesterol lowering fat
555530-80	what are three foods that are rich in fiber
555530-81	what is good for low cholesterol
555530-82	what makes fiber soluble
555530-83	what kind of fiber is found in beans
583468-0	what is carvedilol
583468-1	what is carvedilol used for
583468-2	what is coreg
583468-3	what is carvedilol used to treat
583468-4	what is the benefit of carvell?
583468-5	what is beta blockers used for
583468-6	what is coreg used for
583468-7	what is coreg prescribed for
583468-8	what is coreg for
583468-9	what is the newest form of coreg
583468-10	what is carburedilol used for?
583468-11	what is carvedilol for?
583468-12	carvedilol is used to
583468-13	what is carnedilol used for
583468-14	congestive heart failure definition
583468-15	what's good for chest pain
583468-16	which medication is the alpha alpha and beta blocker
583468-17	what is a coreg
583468-18	what does coreg do
583468-19	what is coreg medication
583468-20	what is carvedilol medication
583468-21	what is carvedilol prescribed for
583468-22	what does carvedilol do
583468-23	is carvedilol used for heart failure
583468-24	why is avz used
583468-25	what is beta blocker for
583468-26	what is the medical term for enlarged left ventricle
583468-27	what type of pill for hypertension
583468-28	what is the generic name for coreg
583468-29	what medication interacts with carvedilol
583468-30	is coreg prescribed for heart failure
583468-31	what is the medcoreg used for
583468-32	what type of blocker is carbendilol
583468-33	carvedilol for ischemic heart
583468-34	can carvedilol treat congestive heart failure
583468-35	what is carvedilol drug
583468-36	what is carneg used for
583468-37	is carvedilol a beta blocker
583468-38	what is carvedilol for
583468-39	what is carbvedadilol?
583468-40	what medicine is given for heart problems
583468-41	what is carvedilol used t for
583468-42	carvedilol what is
583468-43	what is the difference between cozaar and coreg aarb meds
583468-44	why is cartel used
583468-45	what is carvedils prescribed for
583468-46	coreg carvedilol dosages
583468-47	what is carvedilol hdv used for
583468-48	is carvedilol an antacid
583468-49	what is carvedillol
583468-50	carvedilol is used for which of the following
583468-51	what is vectoredilol used for?
583468-52	carvedilol for what
583468-53	what is carvedilol hbp
583468-54	what is carvingilol used for?
583468-55	what is carvedilol used to treat.
583468-56	what kind of meds are carvedilol
583468-57	what is cartivedilol used for
583468-58	what is coreg cr
583468-59	what is the treatment for heart failure
583468-60	what is carvedilol for dogs?
583468-61	what is the generic name for carvedilol
583468-62	what type of medication is cartel for hypertension
583468-63	what kind of medication is carvedilol
583468-64	what is carbidedilol used to treat
583468-65	what is carvedilol and what are its uses
583468-66	what medication is used to calm the heart
640502-0	which hormone helps regulate thyroid function
640502-1	causes for low tsh
640502-2	why do you get a tsh test
640502-3	what is the lab measure for tsh
640502-4	what is it called when your thyroid is enlarged
640502-5	what does it mean when tsh is low in the bloodstream
640502-6	why do thyroid gland lumps grow?
640502-7	what blood test shows elevated thyroid
640502-8	what is goiter of thyroid
640502-9	can thyroid glands produce goiters
640502-10	what cause goiter glands
640502-11	what is low tsh on a medical test
640502-12	what is normal tsh for adults
640502-13	normal tsh levels for adults
640502-14	what causes a low tsh
640502-15	what is tsh
640502-16	causes of thyroid goiter
640502-17	what is thyroid stimulating hormone
640502-18	what is tsh and what do they mean
640502-19	can hyperthyroidism cause low tsh levels
640502-20	what is the name of the condition where your tsh is low
640502-21	what is thyroid a disease
640502-22	what makes thyroid enlarged
640502-23	what is tsh test range
640502-24	thyroid nodules
640502-25	what does abnormal tsh mean
640502-26	causes of overactive thyroid in women
640502-27	thyroid gland swelling causes
640502-28	what is thyroid nodules in neck
640502-29	what is the symptom thyroid
640502-30	causes of gland hyperthyroidism
640502-31	causes of low tsh levels
640502-32	do thyroid levels cause hair to break down
640502-33	where is the thyroid produced
640502-34	what treatments work for thyroid cancer
640502-35	what is goiter in the thyroid
640502-36	what is thyroid goiter
640502-37	what is serum tsh low mean
640502-38	what is goiter
640502-39	what is thyroid secretion
640502-40	why do doctors do thyroid surgery
640502-41	tsh level normal range
640502-42	what causes tsh to drop
640502-43	what is the difference between a hyperactive tsh and an overactive thyroid?
640502-44	where is thyroid gland
640502-45	what is tsh levels in the t
640502-46	where are thyroid nodules in neck
640502-47	why do they test for thyroid
640502-48	why is my thyroid low
640502-49	what is the thyroid gland that is at the back?
640502-50	does thyroid make too much
640502-51	what is a thyroid nodule
640502-52	are thyroid nodules cancerous
640502-53	what is thyroid low mean
640502-54	what does low tsh mean
640502-55	what does a low tsh mean
640502-56	what is thyroid stimulating hormone lab
640502-57	thyroid nodules symptoms
640502-58	thyroid goiter symptoms
640502-59	what causes low thyroid levels
640502-60	thyroid disease in women
640502-61	what is tsh and ft4 levels
640502-62	what is normal thyroid levels
640502-63	what is a goiter
640502-64	what is thyroid goiter mean
640502-65	does low thyroid cause low tsh levels
640502-66	why do thyroid glands swell
640502-67	what gland does thyroid stimulate
640502-68	can low thyroid hormone make you weak
640502-69	what tests do tsh
640502-70	define goiter
640502-71	can thyroid cause nodules in neck
640502-72	what does a high tsh test indicate
640502-73	what is a enlarged thyroid
640502-74	what is the test for a low thyroid
640502-75	can i eat anything for my thyroid
640502-76	tsh normal range
640502-77	what is the meaning of tsh
640502-78	causes of thyroid nodules
640502-79	what is low tsh
640502-80	what is tsh level
640502-81	causes of low tsh
640502-82	what is goiter?
640502-83	what is low lab thyroid numbers
640502-84	thyroid gland tumors symptoms
640502-85	why do thyroid gland nodules form?
640502-86	what is normal tsh level for tsh
640502-87	what is the cause of low thyroid
640502-88	does tsh increase thyroid
640502-89	why can a tsh level drop
640502-90	what does low tsh indicate? a. low thyroid
640502-91	enlarged thyroid causes
640502-92	why does thyroid goiter
640502-93	can nodules cause cancer
640502-94	what is the thyroid disease that cause it to goiter
640502-95	what does tsh test for
640502-96	causes of elevated thyroid
640502-97	what happens when thyroid tsh drops
640502-98	what can cause low tsh
640502-99	causes for swollen thyroid gland
640502-100	what are thyroid stimulating hormone
640502-101	what is tsh and why is it low
640502-102	what is thyroid nodule causes
640502-103	where are thyroid nodules
640502-104	which gland secretes thyrotropin releasing hormone?
640502-105	causes of overactive thyroid
640502-106	thyroid tumors causes
640502-107	what does thyroid mean in your neck
640502-108	what to do if tsh level is low
640502-109	can thyroid pain cause goiter
640502-110	what is goiters and a thyroid disorder
640502-111	grave's disease causes
640502-112	define: tsh
640502-113	why do thyroid levels stay low
640502-114	what is the test for thyroid function
640502-115	what is a goiter and how do i know it's a sign
640502-116	thyroid symptoms and causes
640502-117	what is the definition of thyroid
640502-118	thyroid disease causes
640502-119	why is my thyroid too high
640502-120	what is thyroid surgery?
673670-0	what is alms?
673670-1	who is almsgiving?
673670-2	what is zakat
673670-3	what is the four pillars of islam
673670-4	what is almsgiving
673670-5	what is the meaning of giving an alm
673670-6	definition benefaction
673670-7	what is charity mean
673670-8	what is the definition of charity
673670-9	why don't people give money to the poor
673670-10	almsgiving meaning
673670-11	define charity
673670-12	where to find a good alms box
673670-13	why are alms sacred in the united states
673670-14	define alms
673670-15	meaning of the word alms
673670-16	what is the purpose of the thailand alms bowl
673670-17	almoner definition monks
701453-0	what is warranty deed of real property texas
701453-1	what is a warranty deed for house
701453-2	what is statutory warranty deed
701453-3	statutory deed statute definition
701453-4	what is a warranty deed for property in arizona
701453-5	what is statutory deed
701453-6	what is statutory warranty deed?
701453-7	what is the statutory form of a deed
701453-8	definition of statutory deed
701453-9	what is the difference between a warranty and deed
701453-10	what is statutory warranty deed used for
701453-11	what is a statute warranty deed
701453-12	what is warranty deed
701453-13	what is a warranty deed
701453-14	what is a statutory warranty deed
701453-15	what is the difference between a quitclaim deed and requisition deed
730539-0	who was the first person to use a chronometer
730539-1	what is a lunatic
730539-2	who is lunatic
730539-3	who invented the marine chronometer
730539-4	what watches do not have a chronograph
730539-5	who discovered the chronometer?
730539-6	what is the chronometer in watches
730539-7	what does chronometer mean
730539-8	what is the chronometer used for
730539-9	who invented the clock
768208-0	what is the meaning of samey
768208-1	what is mamey sapote
768208-2	what is the pantin mamey sapote
768208-3	where is a mamey found
768208-4	what kind of tree is a mamey sapote
768208-5	where does mamey sapote grow
768208-6	what is the flavor of sapote
877809-0	what material are hip implants made of
877809-1	what metal is in knee joints
877809-2	can titanium implant cause autoimmune disease
877809-3	what is titanium used for
877809-4	what is the autoimmune response to titanium
877809-5	what materials are used for hip replacement
877809-6	types of hip replacement devices
877809-7	what is cobalt used for
877809-8	what is titanium used for in the body
877809-9	what is titanium
877809-10	when was my first hip surgery
877809-11	what is the most common use for titanium?
877809-12	is titanium good for hip replacement
877809-13	what materials are used in hip replacements
877809-14	what metals are titanium
877809-15	can implants serve as dentures
877809-16	what is titanium used for in surgery
877809-17	what is used for hip implants
877809-18	what types of hip replacement are usually metal implants
877809-19	what plastic are implants made of
877809-20	cost of dog hip replacement surgery
877809-21	what is the cost of hip surgery for a dog
877809-22	what is titanium hip replacement
877809-23	what is titanium made of
877809-24	what is titanium for
877809-25	titanium is made from titanium and what does it do
877809-26	what is used titanium for
877809-27	what is titanium used in
877809-28	what type of joints does titanium make
877809-29	what factors contribute to hip replacements in dogs
877809-30	what is titanium used to do
877809-31	what part of the hip is the stem
877809-32	what is titanium used for?
877809-33	why is cobalt poisoning
877809-34	what can cause cobalt into your system
877809-35	how long do hip bushes stay in place
877809-36	why is titanium used for orthopedic
877809-37	cost of a dogs hip replacement
877809-38	why is titanium used tinkering
911232-0	who is the narrator in della
911232-1	when is the conflict in gift of the magi
911232-2	who sells della's hair gift of the magi?
911232-3	what is the conflict between jim and della
914916-0	what are the functions of bronchial and bronchiid glands
914916-1	how many ducts are located in respiratory bronchiole
914916-2	which of the following are terminal bronchioles and respiratory bronchioles
914916-3	why are bronchial bronchioles important
914916-4	what is the function of the respiratory bronchiole?
914916-5	what type of cells are in the epithelium
914916-6	why are visceral muscles called smooth muscles
914916-7	where is cuboidal epithelium found
914916-8	where is cuboidal epithelium located
914916-9	where does the cartilage in the bronchial tree come from
914916-10	where is simple cuboidal epithelium found
914916-11	where is the cuboidal cell found
914916-12	what is cuboidal epithelium
914916-13	what is a cuboidal cells
914916-14	where are the cuboidal epithelial cells found
914916-15	where is a simple cuboidal epithelium located quizlet
914916-16	where are visceral muscles found
914916-17	what structure is found in all bronchioles
914916-18	what is the diameter of the bronchioles
914916-19	what is the name of the bronchial region in lungs
914916-20	which structure separates the heart and the lungs
914916-21	what is the function of cartilage in bronchi
914916-22	types of respiratory chambers
914916-23	what is the function of the epithelium
914916-24	where is the cartilage in the bronchial tree located
914916-25	where are simple squamous epithelium located
914916-26	what is the first site of gas exchange in the body?
914916-27	why do bronchial branches tend to decrease
914916-28	what is the difference between the bronchi and the trachea?
914916-29	what is the cuboidal epithelium
914916-30	where is the lungs lining found
914916-31	what is tertiary bronchi
914916-32	what is the purpose of the bronchial and larynx lungs
914916-33	which tissue is composed of epithelium
914916-34	why is the trachea a flexible tube
914916-35	what is the epithelium and submucosa
914916-36	what is the function of the bronchial tubes
914916-37	what is the function of the terminal bronchiole
914916-38	what type of epithelial cell is present in the bronchioles and is characterized by club cell
914916-39	what is the function of one pulmonary lobule
914916-40	what type of muscle controls the size of the bronchioles?
914916-41	what increases airway resistance
914916-42	what type of cells are in the lungs
914916-43	what is the cell that secrete surfactant
914916-44	what type of epithelial cells lines the lungs
914916-45	where are clara cells found
914916-46	what type of cells secrete glucagon
914916-47	what does cuboidal epithelial tissue mean
914916-48	where is the cuboidal epithelium located in the human body
914916-49	what is muscle tissue tissue
914916-50	what is visceral muscle cells
914916-51	where are cardiac muscle cells located
914916-52	what type of tissue is found in the bronchi and trachea
914916-53	bronchioles are a small organ that has
914916-54	what is bronchospasm in the chest
914916-55	where are muscle cells found
914916-56	which type of defense is provided by the clara cells
914916-57	do respiratory bronchioles have bronchial alveoli?
914916-58	which part of the lungs contains the epithelium
914916-59	where would skeletal muscle be found
914916-60	where is the acinus
914916-61	what are the tissues in your lung
914916-62	where to find the bronchiole
914916-63	which type of cells are found in the terminal bronchioles
914916-64	what is the diameter of a pulmonary lobule
914916-65	which of the following is a characteristic of a terminal bronchiole
914916-66	what is bronchioles
914916-67	describe the types of bronchioles
914916-68	what are the bronchioli in the lungs
938400-0	how did steve harvey's family feud change
938400-1	why are richard johnson and shannon dawson married
938400-2	what is the family feud
938400-3	who plays in family feud
938400-4	what year was family feud aired?
938400-5	when did the family feud come out
938400-6	who was the first family feud host
938400-7	when was family feud created
938400-8	who is guest host of family feud?
938400-9	who played host of match game
938400-10	who is richard dawson's host
938400-11	what year was the family feud game show
938400-12	when did family feud start and end
938400-13	what year was family feud made
938400-14	what is a family feud
938400-15	who was the original host of family feud
938400-16	who is the host of family feud
938400-17	when did host of family feud die
938400-18	when did family feud start?
938400-19	what tv show host was on family feud
938400-20	when did family feud start
938400-21	who hosts feud
938400-22	who hosted family feud in nc
938400-23	what show host is mike dawson on
938400-24	what year did match game come out
938400-25	who is george dawson
938400-26	who hosted family feud?
938400-27	what was the first family feud episode
938400-28	when did family feud challenge start
938400-29	what's the name of the game show that i made?
938400-30	when was jack dawson born
938400-31	who is rich fields host?
938400-32	who is the newest host of family feud
938400-33	what year were the family feud on tv
938400-34	who hosted family feud
938400-35	when was family feud made
938400-36	how long is familial feud
938400-37	how many family feud seasons
938400-38	who was gretchen dawson engaged to
938400-39	who hosted the first family feud
938400-40	who are all the hosts of family feud
938400-41	when was family feud founded and when
938400-42	who was richard dawson
938400-43	who is the host of family feud?
938400-44	when was family feud founded
938400-45	who was the actor that star in the family feud
938400-46	how much do wheel of fortune hosts make
938400-47	who was a host of family feud
940547-0	what was the name of the first rock song
940547-1	who was chuck berry
940547-2	what was the birthplace of rock and roll?
940547-3	who originally sang shake rattle and roll
940547-4	when was bill haley
940547-5	what is rockabilly
940547-6	when was bill haley born
940547-7	when did shake rattle and roll release
940547-8	who wrote the original rock the joint
940547-9	what was the first rock and roll album
940547-10	who started rock n roll
940547-11	who coined the term rock and roll?
940547-12	who was the father of rock and roll
940547-13	when did rock n roll start
940547-14	who is known as the king of rock and roll
940547-15	who was considered the original rock n roll father?
940547-16	who was the rock n roll king?
940547-17	why did the music genre rock n roll
940547-18	what rock n roll did freed created
940547-19	who is the father of rock n roll
940547-20	who coined rock n roll
940547-21	when did rock and roll begin
940547-22	what was rock and roll popularized
940547-23	who came up with the term rock and roll
940547-24	who sings kings of rhythm
940547-25	what is rock n roll
940547-26	who really invented rock and roll
940547-27	who is the lead guitarist at bill hattey comets
940547-28	who were the original members of the comets
940547-29	who was alan freed?
940547-30	which rock n roll artist is responsible for the most popular rock and roll songs
940547-31	who is best known for making rock
940547-32	which artist was most noted for inventing rock and roll music?
940547-33	who is credited with making rock
940547-34	who sings the first rock and roll single
940547-35	when was rocknroll first released
997622-0	where is shameless tv show filmed
997622-1	where was shameless filmed
997622-2	where is the gallagher family house
997622-3	where is shameless shooting?
997622-4	where is shameless filmed
997622-5	where does shameless take the showtime show
997622-6	where does shameless tv show filmed
997622-7	what is shameless filming for
997622-8	what city was shameless filmed
997622-9	where does shameless filmed
997622-10	where does shameless film
997622-11	where shameless movie filmed
997622-12	where are tv shows filmed and where is they filmed in chicago
997622-13	where does shameless take place in tv series
997622-14	what tv series is shameless on
997622-15	where did shameless take place
997622-16	what cities does shameless filmed in
997622-17	which city was shameless filmed in
1030303-0	who is ifa
1030303-1	how many franchise stores are there
1030303-2	franchise of rally burger
1030303-3	who owns frosch's
1030303-4	who is aziz hashim managing partner?
1030303-5	who is hashim franchisor
1037496-0	who are the floor leaders of the house
1037496-1	who is the majority whip in louisiana
1037496-2	who is the floor leader of the house of reps
1037496-3	who is the majority whip?
1037496-4	who were the current majority whips
1037496-5	who is stephen scalise?
1037496-6	where is scalise from
1037496-7	who is the majority whip of the house of representatives
1037496-8	who is the majority speaker of the house of representatives
1037496-9	who is senator scalise
1037496-10	who is senator steve scalise
1037496-11	who is scalese
1037496-12	why does steve scalise serve in congress
1037496-13	what is louisiana government doing today
1037496-14	who is neil scalese
1037496-15	when was fdr scalise elected
1037496-16	was reid elected the whip in virginia
1037496-17	who is steve scalise
1037496-18	who is scalise?
1037496-19	who is the majority whip in the house of representatives
1037496-20	who is scalise
1037496-21	who is senator scalise?
1037496-22	who is senator scalis
1037496-23	who is congressman scalise
1037496-24	what type of caucus is the house of representatives
1037496-25	average presidents age
1037496-26	what leadership does the republican party hold
1037496-27	who is the current minority whip in the house
1037496-28	what is the majority whip in louisiana
1037496-29	who is ag scalise
1043135-0	what nationality is the name anastasis
1043135-1	anastasia name meaning
1043135-2	who was anastasia
1043135-3	how did nicholas romanov fall off the throne
1043135-4	who was the last tsar of russia
1043135-5	where nicholas ii was born
1043135-6	where was tsarina buried
1043135-7	when did nicholas ii succeed his father
1043135-8	what year was anastasia tsar?
1043135-9	when was tsar nicholas ii killed
1043135-10	where was nicholas ii born and died?
1043135-11	who did princess alice marry
1043135-12	what was the name of the oldest sister of anastasia
1043135-13	what dynasty was nicholas ii from
1043135-14	who were the romanov dynasty rulers
1043135-15	when bolsheviks killed czar nicholas ii
1043135-16	when was nicolas ii killed
1043135-17	why was russian tsar nicholas killed
1043135-18	what is the origin of the name anastasia
1043135-19	where was nicholas ii born
1043135-20	who was kremlin's last emperor
1043135-21	where was alexei romanov from
1043135-22	what year did a tsar die
1043135-23	who were nicholas ii ruled by
1043135-24	who killed nicholas ii?
1043135-25	why was nicolas ii killed
1043135-26	who was nicholas ii russian
1043135-27	when did nicholas ii was executed russia
1043135-28	who was tsar nicholas ii?
1043135-29	how was tsar nicholas killed
1051399-0	when did newman's first album come out
1051399-1	who wrote the song when i am gone
1051399-2	who sings jungle out there theme song
1051399-3	who sings the song it's a jungle out there
1051399-4	who sings jungle out there
1051399-5	where was john newman born
1051399-6	who is thomas newman
1051399-7	which composer is thomas newman's brother
1051399-8	what is monk theme song?
1051399-9	who wrote the monk theme song
1064670-0	can you pattern your shotgun
1064670-1	why shoot sniper
1064670-2	why do hunters pattern their shotguns
1064670-3	what is a shotgun shell
1071750-0	who was the first pete rose rookie card
1071750-1	how old is pete rose
1071750-2	what year was pete rose born
1071750-3	who did donald sterling get banned from
1071750-4	who is pete rose
1071750-5	when did pete rose go to the hall of fame
1071750-6	did oj gordon rose get thrown in in the hall of fame
1071750-7	why do we want rort rose to be in the hall of fame
1105792-0	what is shape psychology
1105792-1	what is the definition of geon
1105792-2	what does the word geon mean
1105792-3	what does geon mean in math
1105792-4	what is a geon
1105792-5	what's the geon?
1105792-6	what shape is
1106979-0	what is pareto principle
1106979-1	what a pareto chart
1106979-2	when is a deal a pareto efficient deal?
1106979-3	what is pareto analysis
1106979-4	what is the difference between pareto charts and histograms
1106979-5	what is a histogram
1106979-6	what is a pareto
1106979-7	what is pareto chart
1106979-8	what is a pareto chart
1106979-9	what is the pareto principle in powerpoint
1106979-10	histogram pareto
1106979-11	definition of pareto graph
1106979-12	what is the pareto chart example
1106979-13	what kind of graph is the pareto chart
1106979-14	who developed the pareto chart
1106979-15	why pareto analysis
1106979-16	why use a pareto chart
1106979-17	what is the concept of a partial effect
1108651-0	how to clean your house with bleach
1108651-1	how long to soak white clothes in water
1108651-2	how to wash white clothes
1108651-3	what to use hydrogen peroxide for
1108651-4	how to get whiter clothes
1108651-5	how to make white shirt washable
1108651-6	how to get rid of stains in laundry
1108651-7	what whitens clothes without bleach
1108651-8	what to use to wash clothes
1108651-9	what to use bleaching a shirt for
1108651-10	what type of bleach to use to get white stains out of clothes
1108651-11	what is the chemical reaction that helps remove stains from clothes
1108651-12	what to do with bleach for laundry to be safe
1108651-13	how to wash white clothes without bleaching
1108651-14	what causes my laundry to yellow in a load
1108651-15	how is bleach used for laundry
1108651-16	does chlorine bleach clean linen
1108651-17	what is laundry bluing
1108651-18	how do i get my lipstick out of my clothes
1108651-19	how to use lipstick on clothes
1108651-20	how to remove lipstick from clothes
1108651-21	can i wash whites separately
1108651-22	how to get pen stains out of clothes
1108651-23	what is chlorine used for in swimming pools
1108651-24	what temperature do you wash white cotton
1108651-25	how to make whites last longer
1108651-26	what is bleach
1108651-27	what is bluish laundry
1108651-28	what is chlorine used for
1108651-29	how long to presoak towels before washing
1108651-30	how to wash polyester
1108651-31	what product is used to make white clothes
1108651-32	what is borax powder used to do
1108651-33	what is the strongest bleach for cleaning?
1108651-34	what to use to bleach white clothes
1108651-35	what temperature to wash fabric
1108651-36	what is the best solution for a soiled white shirt
1108651-37	why use bluing in laundry
1108651-38	what is bluing agent used for
1108651-39	what color is blue for washing
1108651-40	how to remove bleach on white clothes
1108651-41	what is chlorine chemical
1108651-42	what can i do to make snow fall white
1108651-43	what is mrs stewart's blue liquid
1108651-44	can bluing liquid stain white clothes
1108651-45	what is bluing for clothes
1108651-46	how removes ink stains
1108651-47	how to keep clothes white
1108651-48	what to do to whiten white clothes
1108651-49	what to use for white washing to keep the clothes white
1108651-50	will bleaching remove stains
1108651-51	what to do for coffee stain on clothes
1108651-52	what is lemon juice used for?
1108651-53	what is chlorine
1108651-54	what is bleaching
1108651-55	how to remove marker from fabric
1108651-56	ways to remove permanent marker
1108651-57	chlorine what does it smell like
1108651-58	how long to soak in bleach to whiten white clothes
1108651-59	how to brighten your clothes without bleach
1108651-60	what to do with stains to get them off
1108651-61	how to bleach clothes
1108651-62	can you clean your clothes in a cold shower
1108651-63	what to use to remove sweat stains
1108651-64	what is the best way to make whites
1108651-65	how long does it take to wash white clothes in baking soda
1108651-66	how long to soak clothes in detergent
1108651-67	what is the proper way to wash white clothes
1108651-68	do you need borax for washing
1108651-69	how do i whiten my whites
1108651-70	how to make whiter whites without washing with water
1108651-71	how to get white shirt on your clothes
1108651-72	how do you wash a dandelion
1108651-73	how to remove dandelion stain from white clothes
1108651-74	what to do about stains on clothing
1108651-75	what is bleach for laundry
1109707-0	what is the physics of radiation
1109707-1	at what speed do electromagnetic waves travel through vacuum
1109707-2	what is an em wave
1109707-3	which type of waves require a medium to travel through
1109707-4	what media can electromagnetic waves propagate through
1109707-5	what happens when a radio wave hits a surface
1109707-6	what is the radiation?
1109707-7	what is the bounce on a radio wave
1109707-8	what is electromagnetic radiation
1109707-9	what is the name of the electromagnetic wave?
1109707-10	what objects can radar detect
1109707-11	what is microwaves used for in radar
1109707-12	what kind of radiation is propagated by radio waves?
1109707-13	what is radio waves speed
1109707-14	what is the difference between a radio wave and a sound wave?
1109707-15	which type of radiation is the most likely source of energy in the atmosphere?
1109707-16	what is radiation?
1109707-17	what type of emitted energy does a radio wave generate
1109707-18	what is the difference between a mechanical and electromagnetic wave
1109707-19	which electromagnetic waves are electromagnetic
1109707-20	are radio waves mechanical waves
1109707-21	what is the electromagnetic spectrum made up of
1109707-22	what type of a wave travels through a vacuum
1109707-23	which physics term refers to the speed at which light travels through transparent material?
1109707-24	what is the ionosphere and why is it important?
1109707-25	what is the difference in mechanical and electromagnetic waves
1109707-26	where is the propagation speed of a radio wave
1109707-27	what is radio wave propagation
1109707-28	which term describes the radiation that is produced through free space and is a source and a propagating medium?
1109707-29	how are electromagnetics different
1109707-30	what is the difference between electronic and mechanical
1109707-31	when radiation travels in vacuum, what speed will it be?
1109707-32	how fast does light travel to mars
1109707-33	which electromagnetic wave is the first wave
1109707-34	what is wave physics
1109707-35	which electromagnetic wave can travel through space?
1109707-36	is radio a mechanical wave
1109707-37	what technology was used to communicate with earth?
1109707-38	what is the frequency of a radio wave
1109707-39	which type of wave can travel through space
1109707-40	how waves travel through space
1109707-41	how fast can electromagnetic waves travel
1109707-42	what types of electric waves are there
1109707-43	difference between sound waves and radio waves
1109707-44	which type of propagation involves the direct propagation of radio waves between an antenna
1109707-45	do electromagnetic waves travel through liquid
1109707-46	what type of media does radio waves use
1109707-47	which type of radiation travels through air as it travels through
1109707-48	how fast does radio travel at speed
1109707-49	what is electromagnetic radiation examples
1109707-50	what is the temperature at which the atmosphere is heated
1109707-51	how fast is the wave traveling from earth to mars?
1109707-52	how do radio waves propagate in the atmosphere
1109707-53	what wavelength can earth's atmosphere absorb
1109707-54	which layer of the atmosphere is responsible for radiation
1109707-55	what is ionosphere
1109707-56	which of these processes is necessary for the propagation of an electromagnetic wave?
1109707-57	what is the difference between radio waves and microwave waves?
1109707-58	what electromagnetic waves travel to the moon
1109707-59	what is sky wave
1109707-60	what is the difference between radar and radar
1109707-61	can light travel through water
1109707-62	what material has the fastest radiation
1109707-63	what causes extreme temperature
1109707-64	how does radio frequency affect electrons
1109707-65	which type of electromagnetic radiation is the most commonly used
1109707-66	what speed per second can radio waves be
1109707-67	what is speed of radio waves
1109707-68	what is the definition of radiation in physics?
1109707-69	what is the current speed of light through a vacuum
1109707-70	difference between electromagnetic and mechanical waves
1109707-71	what is the speed of a wave travel
1109707-72	distance between mars and earth
1109707-73	what is the longest wave
1109707-74	what wave has the highest frequency
1109707-75	what type of wave is a radio
1109707-76	what is the difference between sound waves and radio waves
1109707-77	explain why the ionosphere is important
1109707-78	what is the importance of ionosphere
1109707-79	where is the ionosphere
1109707-80	how do mechanical waves travel in a coiled string
1109707-81	what is a difference between a sound wave and seismic wave
1109707-82	what does electromagnetic radiation do
1109707-83	what does electromagnetic radiation
1109707-84	which is a radio wave - and which is reflected - which is also an electromagnetic wave?
1109707-85	which wave is the most frequently encountered and transmitted by radio waves in the atmosphere?
1109707-86	which electromagnetic waves travel through air?
1109707-87	which electromagnetic wave consists of an oscillation of electric and magnetic fields, and is reflected by an infrared ray in the electromagnetic spectrum?
1109707-88	what type is electromagnetic energy
1109707-89	which is faster visible light or gamma?
1109707-90	what media does a radio wave travel through
1109707-91	which is a physical thing or electromagnetic
1109707-92	what is the difference between ultraviolet and electromagnetic radiation?
1109707-93	do astronauts talk to each other on a spacecraft
1109707-94	what are radars called
1109707-95	what's the purpose of electromagnetic waves?
1109707-96	what type of radiation carries out in vacuums
1109707-97	what is the difference in wavelength and speed
1109707-98	what is electromagnetic waves
1109707-99	why do electromagnetic waves travel through matter
1109707-100	what are some examples of electromagnetic radiation
1109707-101	which electromagnetic waves are mainly electromagnetic waves
1109707-102	what is the electromagnetic radiation
1109707-103	what type of energy is a lamp light
1109707-104	what is the difference between gamma rays and wavelength of radiation
1109707-105	what is rf
1109707-106	what is the difference between an rf wave and an ultrasound wave
1109707-107	what material does a wave travel through to produce heat?
1109707-108	where does sound travel the fastest
1109707-109	what is the difference between radio waves and visible light
1109707-110	what materials pass through radiation
1109707-111	why are microwaves and radio waves used in communication?
1109707-112	how are electromagnetic waves produced
1109707-113	which radio frequency is the medium wave or shortwave
1109707-114	which is the primary way that radio waves interact with objects?
1109707-115	which frequency is used by the military to broadcast radio and television?
1109707-116	how fast do electromagnetic waves travel
1109707-117	what wave can travel through void space?
1110678-0	what is the role of the fao
1110678-1	what fao stand for
1110678-2	what is the role of the fao?
1110678-3	what is the food and agriculture organization
1113256-0	reba mcentire net worth
1113256-1	who is reba mcetire
1113256-2	what is reba macentire worth
1113256-3	what is reba mcentire's net worth?
1113256-4	what is reba mcentire worth
1113256-5	how much is reba mcentire worth
1113256-6	how old is reba mcentire
1113256-7	what is reba mcentire net worth
1113256-8	what's reba mcentire's net worth
1113256-9	how old is reba mceltre
1113256-10	when is reba mcentire's birthday
1113256-11	where reba mcentire born?
1115210-0	what makes radar jamming occur in a radar
1115210-1	what is the flare on a plane
1115210-2	what is glass chaff
1116380-0	what is nonconformity in sedimentary rocks
1116380-1	lack of conformity definition
1116380-2	definition of nonconformity in earth science
1116380-3	what is the meaning of nonconformity
1116380-4	what is nonconformity
1116380-5	when a sedimentary rock is deposited in a sedimentary rock it is called a
1121353-0	what is the oklahoma discrimination statute?
1121353-1	discrimination is the legal practice of
1121353-2	ok harassment
1122767-0	why l-lysine is important
1122767-1	what is carnitine substitution
1122767-2	where is l-cartinite mainly stored
1122767-3	what is carnitine made out of
1122767-4	what is the role of amino acids in digestion
1122767-5	is carnitine healthy for the body
1122767-6	where is carnitine found
1122767-7	what is good sources of lysine food
1122767-8	what is l carnitine produced by
1122767-9	what does lysine do for the body
1122767-10	what is the function of the lysine in your diet
1122767-11	what food contains lysine
1122767-12	what is l-lysine
1122767-13	how do you produce carnitine molecule
1122767-14	why is lysine a healthy amino acid
1122767-15	which is a building block for protein
1122767-16	what is lcarnitine and how it is produced
1122767-17	where does l-carnitine come from
1122767-18	what is l-carnitine
1122767-19	what is l lysine
1122767-20	which amino acids make up the most carnitine
1122767-21	what is acetylcar
1122767-22	acetyl l carnitine molecule
1122767-23	what is the best source of protein
1122767-24	what is acetyl carnitine
1122767-25	what is the role of carnitine in energy production
1122767-26	what is l-carnitine used for
1122767-27	why is lysine an essential amino acids
1122767-28	where do we find lysine
1122767-29	when are carnitine supplements necessary for your body
1122767-30	which is a nutrient for carnitine deficiency
1122767-31	why lysine is necessary for protein
1122767-32	which l-carnitine molecule does not have a specific function
1122767-33	what vitamin is carnitine
1122767-34	does lysine help cold sores
1122767-35	what is lysine used for
1122767-36	what is amino acids and amino acids of carnitine
1127540-0	what is the definition of shebang
1127540-1	define shebang
1127540-2	define whole shebang
1127540-3	what is shebang
1127540-4	script how to start
1127540-5	what is in shebang
1127540-6	define entire enchilada
1127540-7	what is shebangs
1127540-8	slang definition of shebang
1127540-9	what shebang means
1127540-10	what does shebang means
1127540-11	what is the meaning of shabby shebang
1127540-12	definition of shebang
1131069-0	who is the president of kraft
1131069-1	who is jim kraft's father?
1131069-2	who is the father of robert and myra kraft
1132532-0	how much does a financial analyst make
1132532-1	what is the average salary of data analyst
1132532-2	average salary for data analyst
1132532-3	average financial analyst salary
1132532-4	how much do financial analysts earn
1132532-5	how much financial analyst make
1132532-6	average annual salary for financial analyst
1132532-7	how much does an financial analyst make a year
1132532-8	how much do gis analyst i make
1132532-9	how much do gis analysts make
1132532-10	gis analyst salary
1132532-11	how much does a gis analyst make
1132532-12	what does a gis analyst make
1132532-13	what is the average salary for data model analyst
1132532-14	how much does a data analyst make
1132532-15	entry level data analyst salaries
1132532-16	what is the average pay of a market analyst
1132532-17	what is the salary for a information analyst
1132532-18	how much can you make in the financial analyst job?
1132532-19	how much do data analysts make in the u.s.?
1132532-20	how much does a business analyst make?
1132532-21	salary of a healthcare data analyst illinois
1132532-22	how much do data analyst make
1132532-23	average starting salary for business data analyst
1132532-24	bls average annual wage
1132532-25	how much is a web analyst
1132532-26	what is the starting salary for a financial analyst
1132532-27	average pay of a financial analyst
1132532-28	average gis job
1132532-29	how much do geos analyst make
1132532-30	salary of gis analyst
1132532-31	what salary is a gis analyst
1132532-32	what is the average salary of a gis analyst
1132532-33	average pay of data analyst
1132532-34	how much money to finance analysts make
1132532-35	what is the average salary of a research analyst
1132532-36	average data analyst salary austin tx
1132532-37	what is the salary of a data science analyst
1132532-38	average salary data analyst
1132532-39	what is the average salary of data analysis analyst
1132532-40	average salary computer systems analyst
1132532-41	what is data analyst
1132532-42	average salary of data analyst
1132532-43	average pay data analyst sas
1132532-44	average salary of a data analyst
1132532-45	how much does bda analyst make
1132532-46	average salary for senior data analyst
1132532-47	how much do data scientists make
1132532-48	geographic analyst income
1132532-49	average salary financial analyst
1132532-50	how much do financial analysts make
1132532-51	how much do data analysts make
1132532-52	how much money do data analysts make
1132532-53	average salary for data analyst in teh afd
1132532-54	what is the salary data analyst
1132532-55	average pay of healthcare data analyst in chicago
1132532-56	what is the salary of data analyst canada
1132532-57	data analyst salary in canada
1132532-58	what is the average salary of a data analyst
1132532-59	how much does data analyst make in india
1132532-60	average salary data analyst in india
1132532-61	what is salary of data analyst
1132532-62	average annual pay in mineral industry
1132532-63	how much does data science analyst earn
1132532-64	average data analyst hourly rates
1132532-65	average wage for conversion analyst
1132532-66	what is the average salary for data analyst indianapolis
1132532-67	average wage data analyst
1132532-68	average pay for data analyst in usa
1132532-69	average pay data analyst boston massachusetts
1132532-70	average annual salary for a business data analyst
1132532-71	research analyst salary tennessee
1133579-0	tissue granulation is called
1133579-1	what type of tissue is the foundation of scar tissue?
1133579-2	what is tissue granulation
1133579-3	how do granulation cells form
1133579-4	what is the tissue in skin
1133579-5	when blood vessels are formed, the granulation tissue is called which
1133579-6	what are the granulation wound buds called
1133579-7	what is granulation tissue
1133579-8	granulation tissue definition
1133579-9	where is subcutaneous skin found
1133579-10	what is granulation in wound
1133579-11	what type of collagen is in granulation tissue
1133579-12	where do granulation cells form
1133579-13	what tissue granulation
1133579-14	what is the process tissue granulation
1133579-15	when a granulated wound heals, what happens
1133579-16	what makes granulation tissue
1136043-0	what is the difference between a lodge and a hotel
1136043-1	motel definition
1136043-2	what is motel
1136043-3	how old do you have to be to stay at motel
1136043-4	does superior a superior room mean superior
1136043-5	what is standard room
1136043-6	where are the wisconsin dells located
1136043-7	what is the difference between a resort and a hotel
1136043-8	what is the difference between a motel and a hotel
1136043-9	what is the difference between hotel and motel
1136043-10	what is the difference between hotels and motels
1136047-0	difference between strategy and tactic
1136047-1	what is the difference between a business strategy and a business model?
1136047-2	what's the difference between a business and a corporate strategy?
1136047-3	how do business models and business strategies differ
1136047-4	what is the relationship between the business strategy and the business model
1136047-5	the difference between a company's business model and a company's strategy is that
1136962-0	what is ancient egyptian life called
1136962-1	why is nile a fertile land
1136962-2	what were the important things about the nile river
1136962-3	why is egypt called black
1136962-4	how was nile river formed
1136962-5	where does the nile come from
1136962-6	when was the river nile river created?
1136962-7	what crops did the egyptians grow
1136962-8	what were all the ancient egyptians called the river of the nile?
1136962-9	why is egypt called 'the black land'
1136962-10	where in the world is egypt located
1136962-11	where did the nile river come from
1136962-12	which nile river flows through ethiopia
1136962-13	what is the land around the nile river called
1136962-14	what were the ancient names of egypt
1136962-15	where is egypt
1136962-16	what is the name of egypt
1136962-17	where were the nile river and desert located
1136962-18	what is the egyptian name for the desert
1136962-19	what is the meaning of misr
1136962-20	why were they called memphis
1136962-21	where is the land called in early egypt
1136962-22	who is the oldest living person on earth
1136962-23	what is the name given to the river nile
1136962-24	what was the ancient egypt known for?
1136962-25	which of the following were the most important things that the nile river did for egyptians
1136962-26	what is the name of the ancient world
1136962-27	what is the egyptian name kmt mean
1136962-28	what is ketet
1136962-29	what does the word ketet means
1136962-30	what does kemet mean
1136962-31	where does name ketet come from
1136962-32	what is name kmt mean
1136962-33	where does the word ketet come from
1136962-34	why was egypt called kelet
1136962-35	what tribe does halaib
1136962-36	what type of land did the egyptians use
1136962-37	what did alexander beggar conquer
1136962-38	what was the name of the land of the ancient egyptians
1136962-39	what does the name kmt mean
1136962-40	what is the meaning of the name egypt's skin
